Suite/Test/Step Name,Browser,Description,Tag,Start time,End time,Duration,Status
Admin Dashboard Regression,Chrome 99.0.4844.51,,,2022-03-16 11:45:09,2022-03-16 11:56:08,10m - 59.268s,PASSED
,,,,,,,
Test Cases/Login Test Cases/Invalid Password,Chrome 99.0.4844.51,,,2022-03-16 11:45:10,2022-03-16 11:45:43,33.702s,PASSED
"openBrowser("""")",Chrome 99.0.4844.51,,,2022-03-16 11:45:11,2022-03-16 11:45:18,7.450s,PASSED
"navigateToUrl(""https://develop.d2c2sb6bkw86k3.amplifyapp.com/"")",Chrome 99.0.4844.51,,,2022-03-16 11:45:18,2022-03-16 11:45:27,8.873s,PASSED
"verifyElementPresent(findTestObject(""Page_IzifinDashboardClient/img_Login_header__img""), 0)",Chrome 99.0.4844.51,,,2022-03-16 11:45:27,2022-03-16 11:45:28,0.709s,PASSED
"setEncryptedText(findTestObject(""Page_IzifinDashboardClient/input_Email Address_izi-input ng-untouched ng-pristine ng-invalid""), ""26hUsgBdbAtPDHLueAsq6/YrXlE8h7f3"")",Chrome 99.0.4844.51,,,2022-03-16 11:45:28,2022-03-16 11:45:29,0.876s,PASSED
"setText(findTestObject(""Page_IzifinDashboardClient/input_Password_izi-input ng-untouched ng-pristine ng-invalid""), ""GTVJfu3B3JZvaaYBSiQZD5QdraTjNim0"")",Chrome 99.0.4844.51,,,2022-03-16 11:45:29,2022-03-16 11:45:30,1.089s,PASSED
"click(findTestObject(""Page_IzifinDashboardClient/div_Login""))",Chrome 99.0.4844.51,,,2022-03-16 11:45:30,2022-03-16 11:45:31,0.694s,PASSED
"verifyElementPresent(findTestObject(""Invalid Credential/Page_IzifinDashboardClient/p_Invalid Login Credentials""), 0)",Chrome 99.0.4844.51,,,2022-03-16 11:45:31,2022-03-16 11:45:43,12.771s,PASSED
Start listener action : sampleAfterTestCase,Chrome 99.0.4844.51,,,2022-03-16 11:45:43,2022-03-16 11:45:43,0.016s,PASSED
,,,,,,,
Test Cases/Login Test Cases/Invalid Username,Chrome 99.0.4844.51,,,2022-03-16 11:45:44,2022-03-16 11:46:08,24.504s,PASSED
"openBrowser("""")",Chrome 99.0.4844.51,,,2022-03-16 11:45:45,2022-03-16 11:45:49,3.885s,PASSED
"navigateToUrl(""https://develop.d2c2sb6bkw86k3.amplifyapp.com/"")",Chrome 99.0.4844.51,,,2022-03-16 11:45:49,2022-03-16 11:46:03,14.361s,PASSED
"verifyElementPresent(findTestObject(""Page_IzifinDashboardClient/img_Login_header__img""), 0)",Chrome 99.0.4844.51,,,2022-03-16 11:46:03,2022-03-16 11:46:04,0.524s,PASSED
"setEncryptedText(findTestObject(""Page_IzifinDashboardClient/input_Email Address_izi-input ng-untouched ng-pristine ng-invalid""), ""fP5S25v6lDEehA+gjO7QNkAHxFmwwgmj"")",Chrome 99.0.4844.51,,,2022-03-16 11:46:04,2022-03-16 11:46:05,0.706s,PASSED
"setEncryptedText(findTestObject(""Page_IzifinDashboardClient/input_Password_izi-input ng-untouched ng-pristine ng-invalid""), ""VpMdp7NbYZL0S188q3mSdg=="")",Chrome 99.0.4844.51,,,2022-03-16 11:46:05,2022-03-16 11:46:05,0.732s,PASSED
"click(findTestObject(""Page_IzifinDashboardClient/div_Login""))",Chrome 99.0.4844.51,,,2022-03-16 11:46:05,2022-03-16 11:46:06,0.623s,PASSED
"verifyElementPresent(findTestObject(""Invalid Credential/Page_IzifinDashboardClient/p_Invalid Login Credentials""), 0, STOP_ON_FAILURE)",Chrome 99.0.4844.51,,,2022-03-16 11:46:06,2022-03-16 11:46:08,2.144s,PASSED
Start listener action : sampleAfterTestCase,Chrome 99.0.4844.51,,,2022-03-16 11:46:08,2022-03-16 11:46:08,0.001s,PASSED
,,,,,,,
Test Cases/Login Test Cases/Retrieve Password,Chrome 99.0.4844.51,,,2022-03-16 11:46:08,2022-03-16 11:46:35,26.916s,PASSED
"openBrowser("""")",Chrome 99.0.4844.51,,,2022-03-16 11:46:09,2022-03-16 11:46:13,3.524s,PASSED
"navigateToUrl(""https://develop.d2c2sb6bkw86k3.amplifyapp.com/"")",Chrome 99.0.4844.51,,,2022-03-16 11:46:13,2022-03-16 11:46:21,7.971s,PASSED
"verifyElementPresent(findTestObject(""Page_IzifinDashboardClient/img_Login_header__img""), 0)",Chrome 99.0.4844.51,,,2022-03-16 11:46:21,2022-03-16 11:46:21,0.498s,PASSED
"setEncryptedText(findTestObject(""Page_IzifinDashboardClient/input_Email Address_izi-input ng-untouched ng-pristine ng-invalid""), ""26hUsgBdbAtPDHLueAsq6/YrXlE8h7f3"")",Chrome 99.0.4844.51,,,2022-03-16 11:46:21,2022-03-16 11:46:22,0.700s,PASSED
"setText(findTestObject(""Page_IzifinDashboardClient/input_Password_izi-input ng-untouched ng-pristine ng-invalid""), ""GTVJfu3B3JZvaaYBSiQZD5QdraTjNim0"")",Chrome 99.0.4844.51,,,2022-03-16 11:46:22,2022-03-16 11:46:23,1.162s,PASSED
"click(findTestObject(""Page_IzifinDashboardClient/div_Login""))",Chrome 99.0.4844.51,,,2022-03-16 11:46:23,2022-03-16 11:46:24,0.625s,PASSED
"verifyElementPresent(findTestObject(""Invalid Credential/Page_IzifinDashboardClient/p_Invalid Login Credentials""), 0, STOP_ON_FAILURE)",Chrome 99.0.4844.51,,,2022-03-16 11:46:24,2022-03-16 11:46:26,1.855s,PASSED
"click(findTestObject(""Page_IzifinDashboardClient/a_Forgot Password""))",Chrome 99.0.4844.51,,,2022-03-16 11:46:26,2022-03-16 11:46:26,0.678s,PASSED
"setText(findTestObject(""Page_IzifinDashboardClient/input_Email Address_izi-input ng-untouched ng-pristine ng-invalid""), ""charles@izifin.com"")",Chrome 99.0.4844.51,,,2022-03-16 11:46:26,2022-03-16 11:46:27,1.040s,PASSED
"click(findTestObject(""Page_IzifinDashboardClient/h3_Cancel""))",Chrome 99.0.4844.51,,,2022-03-16 11:46:27,2022-03-16 11:46:28,0.604s,PASSED
waitForPageLoad(10),Chrome 99.0.4844.51,,,2022-03-16 11:46:28,2022-03-16 11:46:28,0.382s,PASSED
"click(findTestObject(""Page_IzifinDashboardClient/a_Forgot Password""))",Chrome 99.0.4844.51,,,2022-03-16 11:46:28,2022-03-16 11:46:29,0.610s,PASSED
"setText(findTestObject(""Page_IzifinDashboardClient/input_Email Address_izi-input ng-untouched ng-pristine ng-invalid""), ""charles@izifin.com"")",Chrome 99.0.4844.51,,,2022-03-16 11:46:29,2022-03-16 11:46:30,1.056s,PASSED
"click(findTestObject(""Recover PAssword/Page_IzifinDashboardClient/h3_Recover Account""))",Chrome 99.0.4844.51,,,2022-03-16 11:46:30,2022-03-16 11:46:31,0.666s,PASSED
"verifyElementPresent(findTestObject(""Page_IzifinDashboardClient/p_A Link has been sent to your email charlesizifin.com. Click on the link to recover your account""), 0)",Chrome 99.0.4844.51,,,2022-03-16 11:46:31,2022-03-16 11:46:33,2.245s,PASSED
"verifyElementPresent(findTestObject(""Page_IzifinDashboardClient/button_Resend""), 0)",Chrome 99.0.4844.51,,,2022-03-16 11:46:33,2022-03-16 11:46:34,0.575s,PASSED
"click(findTestObject(""Page_IzifinDashboardClient/button_Resend""), STOP_ON_FAILURE)",Chrome 99.0.4844.51,,,2022-03-16 11:46:34,2022-03-16 11:46:34,0.607s,PASSED
enableSmartWait(),Chrome 99.0.4844.51,,,2022-03-16 11:46:34,2022-03-16 11:46:34,0.051s,PASSED
"click(findTestObject(""Get psswrd/Page_IzifinDashboardClient/button_Done""))",Chrome 99.0.4844.51,,,2022-03-16 11:46:34,2022-03-16 11:46:35,0.880s,PASSED
Start listener action : sampleAfterTestCase,Chrome 99.0.4844.51,,,2022-03-16 11:46:35,2022-03-16 11:46:35,0.001s,PASSED
,,,,,,,
Test Cases/Login Test Cases/Login,Chrome 99.0.4844.51,,,2022-03-16 11:46:35,2022-03-16 11:47:27,51.507s,PASSED
"openBrowser("""")",Chrome 99.0.4844.51,,,2022-03-16 11:46:37,2022-03-16 11:46:40,3.434s,PASSED
"navigateToUrl(""https://develop.d2c2sb6bkw86k3.amplifyapp.com/"")",Chrome 99.0.4844.51,,,2022-03-16 11:46:40,2022-03-16 11:46:47,6.481s,PASSED
"verifyElementPresent(findTestObject(""Page_IzifinDashboardClient/img_Login_header__img""), 0)",Chrome 99.0.4844.51,,,2022-03-16 11:46:47,2022-03-16 11:46:47,0.487s,PASSED
"setEncryptedText(findTestObject(""Page_IzifinDashboardClient/input_Email Address_izi-input ng-untouched ng-pristine ng-invalid""), ""26hUsgBdbAtPDHLueAsq6/YrXlE8h7f3"")",Chrome 99.0.4844.51,,,2022-03-16 11:46:47,2022-03-16 11:46:48,0.795s,PASSED
"setEncryptedText(findTestObject(""Page_IzifinDashboardClient/input_Password_izi-input ng-untouched ng-pristine ng-invalid""), ""VpMdp7NbYZL0S188q3mSdg=="")",Chrome 99.0.4844.51,,,2022-03-16 11:46:48,2022-03-16 11:46:49,0.697s,PASSED
"click(findTestObject(""Page_IzifinDashboardClient/div_Login""))",Chrome 99.0.4844.51,,,2022-03-16 11:46:49,2022-03-16 11:46:49,0.592s,PASSED
getWindowTitle(),Chrome 99.0.4844.51,,,2022-03-16 11:46:49,2022-03-16 11:46:49,0.074s,PASSED
"verifyElementNotPresent(findTestObject(""Dashboard/Page_IzifinDashboardClient/h2_Change your password""), 0, CONTINUE_ON_FAILURE)",Chrome 99.0.4844.51,,,2022-03-16 11:46:49,2022-03-16 11:46:53,4.119s,PASSED
"click(findTestObject(""Dashboard/Page_IzifinDashboardClient/span_Cancel""), OPTIONAL)",Chrome 99.0.4844.51,,,2022-03-16 11:46:53,2022-03-16 11:47:25,31.627s,PASSED
"verifyElementPresent(findTestObject(""Page_IzifinDashboardClient/p_Good Morning ,""), 0)",Chrome 99.0.4844.51,,,2022-03-16 11:47:25,2022-03-16 11:47:26,0.633s,PASSED
"verifyElementPresent(findTestObject(""Page_IzifinDashboardClient/p_John Doe""), 0)",Chrome 99.0.4844.51,,,2022-03-16 11:47:26,2022-03-16 11:47:26,0.583s,PASSED
"verifyElementPresent(findTestObject(""Page_IzifinDashboardClient/a_Dashboard""), 0)",Chrome 99.0.4844.51,,,2022-03-16 11:47:26,2022-03-16 11:47:27,0.516s,PASSED
Start listener action : sampleAfterTestCase,Chrome 99.0.4844.51,,,2022-03-16 11:47:27,2022-03-16 11:47:27,0.001s,PASSED
,,,,,,,
Test Cases/Dashboard/Dashboard,Chrome 99.0.4844.51,,,2022-03-16 11:47:27,2022-03-16 11:48:33,1m - 5.801s,PASSED
"callTestCase(findTestCase(""Login Test Cases/Login""), [:], OPTIONAL)",Chrome 99.0.4844.51,,,2022-03-16 11:47:28,2022-03-16 11:48:21,52.936s,PASSED
"verifyElementPresent(findTestObject(""Dashboard/Page_IzifinDashboardClient/a_Dashboard""), 0)",Chrome 99.0.4844.51,,,2022-03-16 11:48:21,2022-03-16 11:48:21,0.529s,PASSED
"verifyElementPresent(findTestObject(""Dashboard/Page_IzifinDashboardClient/div_Balance""), 0)",Chrome 99.0.4844.51,,,2022-03-16 11:48:21,2022-03-16 11:48:22,0.575s,PASSED
"verifyElementPresent(findTestObject(""Dashboard/Page_IzifinDashboardClient/button_Top Up""), 0)",Chrome 99.0.4844.51,,,2022-03-16 11:48:22,2022-03-16 11:48:22,0.568s,PASSED
"verifyElementPresent(findTestObject(""Dashboard/Page_IzifinDashboardClient/div_Total Decisions Made 39,203View""), 0)",Chrome 99.0.4844.51,,,2022-03-16 11:48:22,2022-03-16 11:48:23,0.521s,PASSED
"verifyElementPresent(findTestObject(""Dashboard/Page_IzifinDashboardClient/div_AVG. Acceptance Rate  68 View""), 0)",Chrome 99.0.4844.51,,,2022-03-16 11:48:23,2022-03-16 11:48:23,0.535s,PASSED
"verifyElementPresent(findTestObject(""Dashboard/Page_IzifinDashboardClient/h3_Analytics""), 0)",Chrome 99.0.4844.51,,,2022-03-16 11:48:23,2022-03-16 11:48:24,0.621s,PASSED
"verifyElementPresent(findTestObject(""Dashboard/Page_IzifinDashboardClient/div_Highest Acceptance Rate68At 1500""), 0)",Chrome 99.0.4844.51,,,2022-03-16 11:48:24,2022-03-16 11:48:25,0.562s,PASSED
"verifyElementPresent(findTestObject(""Dashboard/Page_IzifinDashboardClient/div_Busiest Hours1300 - 1500""), 0)",Chrome 99.0.4844.51,,,2022-03-16 11:48:25,2022-03-16 11:48:25,0.601s,PASSED
"verifyElementPresent(findTestObject(""Dashboard/Page_IzifinDashboardClient/h3_Acceptance Rate""), 0)",Chrome 99.0.4844.51,,,2022-03-16 11:48:25,2022-03-16 11:48:26,0.585s,PASSED
"verifyElementPresent(findTestObject(""Dashboard/Page_IzifinDashboardClient/div_Demographic Analytics""), 0)",Chrome 99.0.4844.51,,,2022-03-16 11:48:26,2022-03-16 11:48:26,0.536s,PASSED
"verifyElementClickable(findTestObject(""Page_IzifinDashboardClient/span_Decisions""))",Chrome 99.0.4844.51,,,2022-03-16 11:48:26,2022-03-16 11:48:27,0.583s,PASSED
"verifyElementClickable(findTestObject(""Page_IzifinDashboardClient/span_Integrations""))",Chrome 99.0.4844.51,,,2022-03-16 11:48:27,2022-03-16 11:48:28,0.567s,PASSED
"verifyElementClickable(findTestObject(""Page_IzifinDashboardClient/span_Settings""))",Chrome 99.0.4844.51,,,2022-03-16 11:48:28,2022-03-16 11:48:28,0.549s,PASSED
"takeElementScreenshotAsCheckpoint(""Graph"", findTestObject(""Dashboard2/Page_IzifinDashboardClient/canvas_All Products_canvas-container chartjs-render-monitor""))",Chrome 99.0.4844.51,,,2022-03-16 11:48:28,2022-03-16 11:48:30,1.714s,PASSED
"click(findTestObject(""Dash3/Page_IzifinDashboardClient/div_All Products""))",Chrome 99.0.4844.51,,,2022-03-16 11:48:30,2022-03-16 11:48:30,0.684s,PASSED
"click(findTestObject(""Dash3/Page_IzifinDashboardClient/button_Business Loan""))",Chrome 99.0.4844.51,,,2022-03-16 11:48:30,2022-03-16 11:48:32,1.040s,PASSED
"takeElementScreenshot(findTestObject(""Dashboard2/Page_IzifinDashboardClient/canvas_Business Loan_canvas-container chartjs-render-monitor""))",Chrome 99.0.4844.51,,,2022-03-16 11:48:32,2022-03-16 11:48:33,1.022s,PASSED
Start listener action : sampleAfterTestCase,Chrome 99.0.4844.51,,,2022-03-16 11:48:33,2022-03-16 11:48:33,0.001s,PASSED
,,,,,,,
Test Cases/Dashboard/Top Up,Chrome 99.0.4844.51,,,2022-03-16 11:48:33,2022-03-16 11:50:14,1m - 41.579s,PASSED
"callTestCase(findTestCase(""Dashboard/Dashboard""), [:], CONTINUE_ON_FAILURE)",Chrome 99.0.4844.51,,,2022-03-16 11:48:34,2022-03-16 11:49:33,59.572s,PASSED
"click(findTestObject(""Dashboard/Page_IzifinDashboardClient/button_Top Up""))",Chrome 99.0.4844.51,,,2022-03-16 11:49:33,2022-03-16 11:49:34,0.559s,PASSED
"setText(findTestObject(""Dashboard Topup/Page_IzifinDashboardClient/input_Enter number of decisions needed_exampleInputEmail1""), ""1000"")",Chrome 99.0.4844.51,,,2022-03-16 11:49:34,2022-03-16 11:49:35,1.118s,PASSED
"getText(findTestObject(""Dashboard Topup/Page_IzifinDashboardClient/span_Cost""))",Chrome 99.0.4844.51,,,2022-03-16 11:49:35,2022-03-16 11:49:35,0.639s,PASSED
"click(findTestObject(""Dashboard Topup/Page_IzifinDashboardClient/button_Cancel""))",Chrome 99.0.4844.51,,,2022-03-16 11:49:35,2022-03-16 11:49:36,0.605s,PASSED
"click(findTestObject(""Page_IzifinDashboardClient/button_Top Up""))",Chrome 99.0.4844.51,,,2022-03-16 11:49:36,2022-03-16 11:49:37,0.889s,PASSED
"setText(findTestObject(""Dashboard Topup/Page_IzifinDashboardClient/input_Enter number of decisions needed_exampleInputEmail1""), ""100"")",Chrome 99.0.4844.51,,,2022-03-16 11:49:37,2022-03-16 11:49:38,1.059s,PASSED
"getText(findTestObject(""Dashboard Topup/Page_IzifinDashboardClient/span_Cost""))",Chrome 99.0.4844.51,,,2022-03-16 11:49:38,2022-03-16 11:49:38,0.506s,PASSED
"click(findTestObject(""Dashboard Topup/Page_IzifinDashboardClient/button_Continue to Payment""))",Chrome 99.0.4844.51,,,2022-03-16 11:49:38,2022-03-16 11:49:42,3.739s,PASSED
getWindowTitle(),Chrome 99.0.4844.51,,,2022-03-16 11:49:42,2022-03-16 11:49:42,0.042s,PASSED
"click(findTestObject(""Dashboard/Page_IzifinDashboardClient/span_Cancel""), OPTIONAL)",Chrome 99.0.4844.51,,,2022-03-16 11:49:42,2022-03-16 11:50:14,31.892s,PASSED
Start listener action : sampleAfterTestCase,Chrome 99.0.4844.51,,,2022-03-16 11:50:14,2022-03-16 11:50:14,0.001s,PASSED
,,,,,,,
Test Cases/Dashboard/View Total Decisions,Chrome 99.0.4844.51,,,2022-03-16 11:50:14,2022-03-16 11:51:27,1m - 12.406s,PASSED
"callTestCase(findTestCase(""Login Test Cases/Login""), [:], CONTINUE_ON_FAILURE)",Chrome 99.0.4844.51,,,2022-03-16 11:50:15,2022-03-16 11:51:04,48.524s,PASSED
"click(findTestObject(""Page_IzifinDashboardClient/a_View (1)""))",Chrome 99.0.4844.51,,,2022-03-16 11:51:04,2022-03-16 11:51:04,0.601s,PASSED
"verifyElementPresent(findTestObject(""View Total Decisions/Page_IzifinDashboardClient/th_ID""), 0)",Chrome 99.0.4844.51,,,2022-03-16 11:51:04,2022-03-16 11:51:06,2.026s,PASSED
"verifyElementPresent(findTestObject(""View Total Decisions/Page_IzifinDashboardClient/th_Product Name""), 0)",Chrome 99.0.4844.51,,,2022-03-16 11:51:06,2022-03-16 11:51:07,0.602s,PASSED
"verifyElementPresent(findTestObject(""View Total Decisions/Page_IzifinDashboardClient/th_Date  Time""), 0)",Chrome 99.0.4844.51,,,2022-03-16 11:51:07,2022-03-16 11:51:07,0.535s,PASSED
"verifyElementPresent(findTestObject(""View Total Decisions/Page_IzifinDashboardClient/th_Decision""), 0)",Chrome 99.0.4844.51,,,2022-03-16 11:51:07,2022-03-16 11:51:08,0.554s,PASSED
"verifyElementPresent(findTestObject(""View Total Decisions/Page_IzifinDashboardClient/th_Score""), 0)",Chrome 99.0.4844.51,,,2022-03-16 11:51:08,2022-03-16 11:51:09,0.514s,PASSED
"click(findTestObject(""Decisions/Page_IzifinDashboardClient/span_Download reports""), CONTINUE_ON_FAILURE)",Chrome 99.0.4844.51,,,2022-03-16 11:51:09,2022-03-16 11:51:09,0.718s,PASSED
"click(findTestObject(""Decisions/Page_IzifinDashboardClient/li_Accept""))",Chrome 99.0.4844.51,,,2022-03-16 11:51:09,2022-03-16 11:51:10,1.153s,PASSED
"click(findTestObject(""View Decisions/Page_IzifinDashboardClient/li_Decline""))",Chrome 99.0.4844.51,,,2022-03-16 11:51:10,2022-03-16 11:51:11,0.700s,PASSED
"click(findTestObject(""Decisions/Page_IzifinDashboardClient/li_All""))",Chrome 99.0.4844.51,,,2022-03-16 11:51:11,2022-03-16 11:51:12,0.658s,PASSED
"setText(findTestObject(""View Decisions/Page_IzifinDashboardClient/input_To_search-input flex-grow-1""), ""carbon"", CONTINUE_ON_FAILURE)",Chrome 99.0.4844.51,,,2022-03-16 11:51:12,2022-03-16 11:51:13,1.082s,PASSED
"click(findTestObject(""Dashboard/Page_IzifinDashboardClient/svg""), CONTINUE_ON_FAILURE)",Chrome 99.0.4844.51,,,2022-03-16 11:51:13,2022-03-16 11:51:14,0.654s,PASSED
"click(findTestObject(""Dshbrd View Decisions/Page_IzifinDashboardClient/svg_Items per page_mat-paginator-icon""), CONTINUE_ON_FAILURE)",Chrome 99.0.4844.51,,,2022-03-16 11:51:14,2022-03-16 11:51:15,1.078s,PASSED
"click(findTestObject(""Dashboard/Page_IzifinDashboardClient/path""), CONTINUE_ON_FAILURE)",Chrome 99.0.4844.51,,,2022-03-16 11:51:15,2022-03-16 11:51:15,0.734s,PASSED
"click(findTestObject(""Decisions/Page_IzifinDashboardClient/svg_Items per page_mat-paginator-icon""), CONTINUE_ON_FAILURE)",Chrome 99.0.4844.51,,,2022-03-16 11:51:15,2022-03-16 11:51:16,0.737s,PASSED
"click(findTestObject(""Decisions2/Page_IzifinDashboardClient/div_Items per page_mat-select-arrow-wrapper ng-tns-c122-45""))",Chrome 99.0.4844.51,,,2022-03-16 11:51:16,2022-03-16 11:51:17,0.584s,PASSED
"click(findTestObject(""Decisions2/Page_IzifinDashboardClient/span_20""), CONTINUE_ON_FAILURE)",Chrome 99.0.4844.51,,,2022-03-16 11:51:17,2022-03-16 11:51:17,0.707s,PASSED
"click(findTestObject(""Decisions/Page_IzifinDashboardClient/span_From""))",Chrome 99.0.4844.51,,,2022-03-16 11:51:17,2022-03-16 11:51:19,1.225s,PASSED
"click(findTestObject(""View T Dec1/Page_IzifinDashboardClient/span_MAR 2022""))",Chrome 99.0.4844.51,,,2022-03-16 11:51:19,2022-03-16 11:51:19,0.744s,PASSED
"click(findTestObject(""View DSC2/Page_IzifinDashboardClient/div_2021""))",Chrome 99.0.4844.51,,,2022-03-16 11:51:19,2022-03-16 11:51:20,0.915s,PASSED
"click(findTestObject(""View DSC2/Page_IzifinDashboardClient/div_DEC""))",Chrome 99.0.4844.51,,,2022-03-16 11:51:20,2022-03-16 11:51:21,0.746s,PASSED
"click(findTestObject(""View DSC2/Page_IzifinDashboardClient/div_31""))",Chrome 99.0.4844.51,,,2022-03-16 11:51:21,2022-03-16 11:51:22,0.722s,PASSED
"click(findTestObject(""View DSC2/Page_IzifinDashboardClient/span_To""))",Chrome 99.0.4844.51,,,2022-03-16 11:51:22,2022-03-16 11:51:23,0.799s,PASSED
"click(findTestObject(""View DSC2/Page_IzifinDashboardClient/span_MAR 2022""))",Chrome 99.0.4844.51,,,2022-03-16 11:51:23,2022-03-16 11:51:23,0.827s,PASSED
"click(findTestObject(""View DSC2/Page_IzifinDashboardClient/div_2022""))",Chrome 99.0.4844.51,,,2022-03-16 11:51:23,2022-03-16 11:51:24,0.977s,PASSED
"click(findTestObject(""View DSC2/Page_IzifinDashboardClient/div_FEB""))",Chrome 99.0.4844.51,,,2022-03-16 11:51:24,2022-03-16 11:51:25,0.780s,PASSED
"click(findTestObject(""View DSC2/Page_IzifinDashboardClient/div_28""))",Chrome 99.0.4844.51,,,2022-03-16 11:51:25,2022-03-16 11:51:26,0.661s,PASSED
"click(findTestObject(""Dashboard/Page_IzifinDashboardClient/a_Dashboard""), CONTINUE_ON_FAILURE)",Chrome 99.0.4844.51,,,2022-03-16 11:51:26,2022-03-16 11:51:27,0.844s,PASSED
Start listener action : sampleAfterTestCase,Chrome 99.0.4844.51,,,2022-03-16 11:51:27,2022-03-16 11:51:27,0.003s,PASSED
,,,,,,,
Test Cases/Dashboard/View Average Acceptance Rate,Chrome 99.0.4844.51,,,2022-03-16 11:51:27,2022-03-16 11:52:38,1m - 10.930s,PASSED
"callTestCase(findTestCase(""Login Test Cases/Login""), [:], CONTINUE_ON_FAILURE)",Chrome 99.0.4844.51,,,2022-03-16 11:51:28,2022-03-16 11:52:33,1m - 5.439s,PASSED
"click(findTestObject(""Dashboard/Page_IzifinDashboardClient/a_View""))",Chrome 99.0.4844.51,,,2022-03-16 11:52:33,2022-03-16 11:52:34,0.775s,PASSED
"verifyElementPresent(findTestObject(""View Acceptance/Page_IzifinDashboardClient/p_Total Products""), 0)",Chrome 99.0.4844.51,,,2022-03-16 11:52:34,2022-03-16 11:52:35,0.523s,PASSED
"verifyElementPresent(findTestObject(""Avg Accept Rate/Page_IzifinDashboardClient/p_AVG. Acceptance Rate""), 0)",Chrome 99.0.4844.51,,,2022-03-16 11:52:35,2022-03-16 11:52:35,0.547s,PASSED
"click(findTestObject(""View Acceptance/Page_IzifinDashboardClient/td_All Time""), STOP_ON_FAILURE)",Chrome 99.0.4844.51,,,2022-03-16 11:52:35,2022-03-16 11:52:36,0.649s,PASSED
"click(findTestObject(""Page_IzifinDashboardClient/li_Yesterday""))",Chrome 99.0.4844.51,,,2022-03-16 11:52:36,2022-03-16 11:52:36,0.602s,PASSED
"click(findTestObject(""Page_IzifinDashboardClient/a_Dashboard""))",Chrome 99.0.4844.51,,,2022-03-16 11:52:36,2022-03-16 11:52:38,1.214s,PASSED
Start listener action : sampleAfterTestCase,Chrome 99.0.4844.51,,,2022-03-16 11:52:38,2022-03-16 11:52:38,0.001s,PASSED
,,,,,,,
Test Cases/Dashboard/Decisions,Chrome 99.0.4844.51,,,2022-03-16 11:52:38,2022-03-16 11:53:53,1m - 15.000s,PASSED
"callTestCase(findTestCase(""Login Test Cases/Login""), [:], OPTIONAL)",Chrome 99.0.4844.51,,,2022-03-16 11:52:39,2022-03-16 11:53:28,49.113s,PASSED
"click(findTestObject(""Decisions/Page_IzifinDashboardClient/span_Decisions""))",Chrome 99.0.4844.51,,,2022-03-16 11:53:28,2022-03-16 11:53:29,0.642s,PASSED
"verifyElementPresent(findTestObject(""Decisions/Page_IzifinDashboardClient/th_ID""), 0)",Chrome 99.0.4844.51,,,2022-03-16 11:53:29,2022-03-16 11:53:32,3.744s,PASSED
"verifyElementPresent(findTestObject(""Decisions/Page_IzifinDashboardClient/th_Product Name""), 0)",Chrome 99.0.4844.51,,,2022-03-16 11:53:32,2022-03-16 11:53:33,0.536s,PASSED
"verifyElementPresent(findTestObject(""Decisions/Page_IzifinDashboardClient/th_Date  Time""), 0)",Chrome 99.0.4844.51,,,2022-03-16 11:53:33,2022-03-16 11:53:33,0.559s,PASSED
"verifyElementPresent(findTestObject(""Decisions/Page_IzifinDashboardClient/th_Decision""), 0)",Chrome 99.0.4844.51,,,2022-03-16 11:53:33,2022-03-16 11:53:34,0.512s,PASSED
"verifyElementPresent(findTestObject(""Decisions/Page_IzifinDashboardClient/th_Score""), 0)",Chrome 99.0.4844.51,,,2022-03-16 11:53:34,2022-03-16 11:53:35,0.548s,PASSED
"click(findTestObject(""Decisions/Page_IzifinDashboardClient/li_Accept""))",Chrome 99.0.4844.51,,,2022-03-16 11:53:35,2022-03-16 11:53:35,0.631s,PASSED
"click(findTestObject(""Decisions/Page_IzifinDashboardClient/li_Decline""))",Chrome 99.0.4844.51,,,2022-03-16 11:53:35,2022-03-16 11:53:36,0.631s,PASSED
"click(findTestObject(""Decisions/Page_IzifinDashboardClient/li_All""))",Chrome 99.0.4844.51,,,2022-03-16 11:53:36,2022-03-16 11:53:36,0.589s,PASSED
"click(findTestObject(""Decisions/Page_IzifinDashboardClient/span_Download reports""))",Chrome 99.0.4844.51,,,2022-03-16 11:53:36,2022-03-16 11:53:37,0.599s,PASSED
"click(findTestObject(""Decisions/Page_IzifinDashboardClient/span_From""))",Chrome 99.0.4844.51,,,2022-03-16 11:53:37,2022-03-16 11:53:38,1.130s,PASSED
"click(findTestObject(""Decisions/Page_IzifinDashboardClient/div_MAR 2022_mat-calendar-arrow""))",Chrome 99.0.4844.51,,,2022-03-16 11:53:38,2022-03-16 11:53:39,0.766s,PASSED
"click(findTestObject(""Decisions/Page_IzifinDashboardClient/div_2021""))",Chrome 99.0.4844.51,,,2022-03-16 11:53:39,2022-03-16 11:53:40,0.938s,PASSED
"click(findTestObject(""Decisions/Page_IzifinDashboardClient/div_DEC""))",Chrome 99.0.4844.51,,,2022-03-16 11:53:40,2022-03-16 11:53:41,0.803s,PASSED
"click(findTestObject(""Decisions/Page_IzifinDashboardClient/div_31""))",Chrome 99.0.4844.51,,,2022-03-16 11:53:41,2022-03-16 11:53:41,0.712s,PASSED
"click(findTestObject(""Decisions/Page_IzifinDashboardClient/span_To""))",Chrome 99.0.4844.51,,,2022-03-16 11:53:41,2022-03-16 11:53:42,0.834s,PASSED
"click(findTestObject(""Decisions/Page_IzifinDashboardClient/button__mat-focus-indicator mat-calendar-previous-button mat-icon-button mat-button-base""))",Chrome 99.0.4844.51,,,2022-03-16 11:53:42,2022-03-16 11:53:43,0.730s,PASSED
"click(findTestObject(""Decisions/Page_IzifinDashboardClient/div_28""))",Chrome 99.0.4844.51,,,2022-03-16 11:53:43,2022-03-16 11:53:44,0.874s,PASSED
"click(findTestObject(""Decisions2/Page_IzifinDashboardClient/svg_Items per page_mat-paginator-icon""))",Chrome 99.0.4844.51,,,2022-03-16 11:53:44,2022-03-16 11:53:44,0.726s,PASSED
"click(findTestObject(""Decisions2/Page_IzifinDashboardClient/div_Items per page_mat-select-arrow-wrapper ng-tns-c122-45""))",Chrome 99.0.4844.51,,,2022-03-16 11:53:44,2022-03-16 11:53:45,0.575s,PASSED
"click(findTestObject(""Decisions2/Page_IzifinDashboardClient/span_20""))",Chrome 99.0.4844.51,,,2022-03-16 11:53:45,2022-03-16 11:53:46,0.738s,PASSED
"setText(findTestObject(""Decisions/Page_IzifinDashboardClient/input_To_search-input flex-grow-1""), ""Sulfur"")",Chrome 99.0.4844.51,,,2022-03-16 11:53:46,2022-03-16 11:53:47,1.475s,PASSED
"verifyTextNotPresent(""oxygen"", false)",Chrome 99.0.4844.51,,,2022-03-16 11:53:47,2022-03-16 11:53:48,0.538s,PASSED
"click(findTestObject(""Decisions/Page_IzifinDashboardClient/div_All Products""))",Chrome 99.0.4844.51,,,2022-03-16 11:53:48,2022-03-16 11:53:48,0.630s,PASSED
"click(findTestObject(""Decisions/Page_IzifinDashboardClient/button_Personal Loan""))",Chrome 99.0.4844.51,,,2022-03-16 11:53:48,2022-03-16 11:53:49,0.979s,PASSED
"click(findTestObject(""Decisions/Page_IzifinDashboardClient/div_All Products""))",Chrome 99.0.4844.51,,,2022-03-16 11:53:49,2022-03-16 11:53:51,1.127s,PASSED
"click(findTestObject(""Decisions/Page_IzifinDashboardClient/button_Business Loan""))",Chrome 99.0.4844.51,,,2022-03-16 11:53:51,2022-03-16 11:53:51,0.920s,PASSED
"click(findTestObject(""Decisions/Page_IzifinDashboardClient/a_Dashboard""))",Chrome 99.0.4844.51,,,2022-03-16 11:53:51,2022-03-16 11:53:53,1.245s,PASSED
Start listener action : sampleAfterTestCase,Chrome 99.0.4844.51,,,2022-03-16 11:53:53,2022-03-16 11:53:53,0.001s,PASSED
,,,,,,,
Test Cases/Dashboard/Transactions,Chrome 99.0.4844.51,,,2022-03-16 11:53:53,2022-03-16 11:55:07,1m - 13.795s,PASSED
"callTestCase(findTestCase(""Login Test Cases/Login""), [:], OPTIONAL)",Chrome 99.0.4844.51,,,2022-03-16 11:53:54,2022-03-16 11:54:48,53.922s,PASSED
"click(findTestObject(""Page_IzifinDashboardClient/span_Transactions""))",Chrome 99.0.4844.51,,,2022-03-16 11:54:48,2022-03-16 11:54:48,0.610s,PASSED
getWindowTitle(),Chrome 99.0.4844.51,,,2022-03-16 11:54:48,2022-03-16 11:54:48,0.023s,PASSED
"verifyElementPresent(findTestObject(""Transactions/Page_IzifinDashboardClient/p_Total Debit Transactions""), 0)",Chrome 99.0.4844.51,,,2022-03-16 11:54:48,2022-03-16 11:54:49,0.569s,PASSED
"verifyElementPresent(findTestObject(""Transactions/Page_IzifinDashboardClient/p_Total Credit Transactions""), 0)",Chrome 99.0.4844.51,,,2022-03-16 11:54:49,2022-03-16 11:54:50,1.154s,PASSED
"verifyElementPresent(findTestObject(""Transactions/Page_IzifinDashboardClient/p_Total Transactions Made""), 0)",Chrome 99.0.4844.51,,,2022-03-16 11:54:50,2022-03-16 11:54:51,0.557s,PASSED
"click(findTestObject(""Transactions/Page_IzifinDashboardClient/li_Credit""))",Chrome 99.0.4844.51,,,2022-03-16 11:54:51,2022-03-16 11:54:51,0.590s,PASSED
"click(findTestObject(""Transactions/Page_IzifinDashboardClient/li_Debit""))",Chrome 99.0.4844.51,,,2022-03-16 11:54:51,2022-03-16 11:54:52,0.619s,PASSED
"click(findTestObject(""Transactions/Page_IzifinDashboardClient/li_All""))",Chrome 99.0.4844.51,,,2022-03-16 11:54:52,2022-03-16 11:54:52,0.601s,PASSED
"click(findTestObject(""Transactions/Page_IzifinDashboardClient/span_Download reports""))",Chrome 99.0.4844.51,,,2022-03-16 11:54:52,2022-03-16 11:54:53,0.650s,PASSED
"click(findTestObject(""Transactions/Page_IzifinDashboardClient/span_From""))",Chrome 99.0.4844.51,,,2022-03-16 11:54:53,2022-03-16 11:54:54,1.078s,PASSED
"click(findTestObject(""Transactions/Page_IzifinDashboardClient/button_MAR 2022""))",Chrome 99.0.4844.51,,,2022-03-16 11:54:54,2022-03-16 11:54:55,0.764s,PASSED
"click(findTestObject(""Transactions/Page_IzifinDashboardClient/div_2021""))",Chrome 99.0.4844.51,,,2022-03-16 11:54:55,2022-03-16 11:54:56,0.988s,PASSED
"click(findTestObject(""Transactions/Page_IzifinDashboardClient/div_DEC""))",Chrome 99.0.4844.51,,,2022-03-16 11:54:56,2022-03-16 11:54:57,0.707s,PASSED
"click(findTestObject(""Transactions/Page_IzifinDashboardClient/div_31""))",Chrome 99.0.4844.51,,,2022-03-16 11:54:57,2022-03-16 11:54:57,0.703s,PASSED
"click(findTestObject(""Transactions/Page_IzifinDashboardClient/span_To""))",Chrome 99.0.4844.51,,,2022-03-16 11:54:57,2022-03-16 11:54:58,0.839s,PASSED
"click(findTestObject(""Transactions/Page_IzifinDashboardClient/span_MAR 2022""))",Chrome 99.0.4844.51,,,2022-03-16 11:54:58,2022-03-16 11:54:59,0.746s,PASSED
"click(findTestObject(""Transactions/Page_IzifinDashboardClient/div_2022""))",Chrome 99.0.4844.51,,,2022-03-16 11:54:59,2022-03-16 11:55:00,0.935s,PASSED
"click(findTestObject(""Transactions/Page_IzifinDashboardClient/div_FEB""))",Chrome 99.0.4844.51,,,2022-03-16 11:55:00,2022-03-16 11:55:01,0.747s,PASSED
"click(findTestObject(""Transactions/Page_IzifinDashboardClient/div_28""))",Chrome 99.0.4844.51,,,2022-03-16 11:55:01,2022-03-16 11:55:01,0.661s,PASSED
"click(findTestObject(""Transactions/Page_IzifinDashboardClient/svg_Items per page_mat-paginator-icon""))",Chrome 99.0.4844.51,,,2022-03-16 11:55:01,2022-03-16 11:55:02,0.782s,PASSED
"click(findTestObject(""Transactions/Page_IzifinDashboardClient/div_Items per page_mat-select-arrow ng-tns-c122-45""))",Chrome 99.0.4844.51,,,2022-03-16 11:55:02,2022-03-16 11:55:03,0.589s,PASSED
"click(findTestObject(""Transactions/Page_IzifinDashboardClient/span_20""))",Chrome 99.0.4844.51,,,2022-03-16 11:55:03,2022-03-16 11:55:03,0.655s,PASSED
"setText(findTestObject(""Transactions/Page_IzifinDashboardClient/input_To_search-input""), ""Oxygen"")",Chrome 99.0.4844.51,,,2022-03-16 11:55:03,2022-03-16 11:55:05,1.494s,PASSED
"click(findTestObject(""Transactions/Page_IzifinDashboardClient/svg""))",Chrome 99.0.4844.51,,,2022-03-16 11:55:05,2022-03-16 11:55:05,0.585s,PASSED
"verifyTextNotPresent(""Nitrogen"", false, CONTINUE_ON_FAILURE)",Chrome 99.0.4844.51,,,2022-03-16 11:55:05,2022-03-16 11:55:06,0.479s,PASSED
"click(findTestObject(""Transactions/Page_IzifinDashboardClient/a_Dashboard""))",Chrome 99.0.4844.51,,,2022-03-16 11:55:06,2022-03-16 11:55:07,0.710s,PASSED
Start listener action : sampleAfterTestCase,Chrome 99.0.4844.51,,,2022-03-16 11:55:07,2022-03-16 11:55:07,0.001s,PASSED
,,,,,,,
Test Cases/Dashboard/Integrations,Chrome 99.0.4844.51,,,2022-03-16 11:55:07,2022-03-16 11:56:08,1m - 1.396s,PASSED
"callTestCase(findTestCase(""Login Test Cases/Login""), [:], OPTIONAL)",Chrome 99.0.4844.51,,,2022-03-16 11:55:08,2022-03-16 11:55:59,51.493s,PASSED
"click(findTestObject(""Page_IzifinDashboardClient/span_Integrations""))",Chrome 99.0.4844.51,,,2022-03-16 11:55:59,2022-03-16 11:56:00,0.669s,PASSED
getWindowTitle(),Chrome 99.0.4844.51,,,2022-03-16 11:56:00,2022-03-16 11:56:00,0.022s,PASSED
"click(findTestObject(""Integrations/Page_IzifinDashboardClient/span_Copy""))",Chrome 99.0.4844.51,,,2022-03-16 11:56:00,2022-03-16 11:56:02,2.149s,PASSED
"waitForAlert(5, STOP_ON_FAILURE)",Chrome 99.0.4844.51,,,2022-03-16 11:56:02,2022-03-16 11:56:07,5.259s,PASSED
"click(findTestObject(""Integrations/Page_IzifinDashboardClient/a_Dashboard""))",Chrome 99.0.4844.51,,,2022-03-16 11:56:07,2022-03-16 11:56:08,0.676s,PASSED
Start listener action : sampleAfterTestCase,Chrome 99.0.4844.51,,,2022-03-16 11:56:08,2022-03-16 11:56:08,0.001s,PASSED
