Suite/Test/Step Name,Browser,Description,Tag,Start time,End time,Duration,Status
Admin Dashboard Regression,Chrome 99.0.4844.51,,,2022-03-16 10:09:51,2022-03-16 10:20:43,10m - 51.995s,FAILED
,,,,,,,
Test Cases/Login Test Cases/Invalid Password,Chrome 99.0.4844.51,,,2022-03-16 10:09:51,2022-03-16 10:10:42,50.530s,FAILED
"openBrowser("""")",Chrome 99.0.4844.51,,,2022-03-16 10:09:52,2022-03-16 10:10:00,8.130s,PASSED
"navigateToUrl(""https://develop.d2c2sb6bkw86k3.amplifyapp.com/"")",Chrome 99.0.4844.51,,,2022-03-16 10:10:00,2022-03-16 10:10:07,6.331s,PASSED
"verifyElementPresent(findTestObject(""Page_IzifinDashboardClient/img_Login_header__img""), 0)",Chrome 99.0.4844.51,,,2022-03-16 10:10:07,2022-03-16 10:10:07,0.502s,PASSED
"setEncryptedText(findTestObject(""Page_IzifinDashboardClient/input_Email Address_izi-input ng-untouched ng-pristine ng-invalid""), ""26hUsgBdbAtPDHLueAsq6/YrXlE8h7f3"")",Chrome 99.0.4844.51,,,2022-03-16 10:10:07,2022-03-16 10:10:08,0.661s,PASSED
"setText(findTestObject(""Page_IzifinDashboardClient/input_Password_izi-input ng-untouched ng-pristine ng-invalid""), ""GTVJfu3B3JZvaaYBSiQZD5QdraTjNim0"")",Chrome 99.0.4844.51,,,2022-03-16 10:10:08,2022-03-16 10:10:09,0.982s,PASSED
"click(findTestObject(""Page_IzifinDashboardClient/div_Login""))",Chrome 99.0.4844.51,,,2022-03-16 10:10:09,2022-03-16 10:10:10,0.700s,PASSED
"verifyElementNotPresent(findTestObject(""Invalid Credential/Page_IzifinDashboardClient/p_Invalid Login Credentials""), 0)",Chrome 99.0.4844.51,,,2022-03-16 10:10:10,2022-03-16 10:10:42,32.231s,FAILED
Start listener action : sampleAfterTestCase,Chrome 99.0.4844.51,,,2022-03-16 10:10:42,2022-03-16 10:10:42,0.013s,PASSED
,,,,,,,
Test Cases/Login Test Cases/Invalid Username,Chrome 99.0.4844.51,,,2022-03-16 10:10:42,2022-03-16 10:11:07,24.576s,PASSED
"openBrowser("""")",Chrome 99.0.4844.51,,,2022-03-16 10:10:43,2022-03-16 10:10:55,11.795s,PASSED
"navigateToUrl(""https://develop.d2c2sb6bkw86k3.amplifyapp.com/"")",Chrome 99.0.4844.51,,,2022-03-16 10:10:55,2022-03-16 10:11:02,7.487s,PASSED
"verifyElementPresent(findTestObject(""Page_IzifinDashboardClient/img_Login_header__img""), 0)",Chrome 99.0.4844.51,,,2022-03-16 10:11:02,2022-03-16 10:11:03,0.463s,PASSED
"setEncryptedText(findTestObject(""Page_IzifinDashboardClient/input_Email Address_izi-input ng-untouched ng-pristine ng-invalid""), ""fP5S25v6lDEehA+gjO7QNkAHxFmwwgmj"")",Chrome 99.0.4844.51,,,2022-03-16 10:11:03,2022-03-16 10:11:03,0.643s,PASSED
"setEncryptedText(findTestObject(""Page_IzifinDashboardClient/input_Password_izi-input ng-untouched ng-pristine ng-invalid""), ""VpMdp7NbYZL0S188q3mSdg=="")",Chrome 99.0.4844.51,,,2022-03-16 10:11:03,2022-03-16 10:11:04,0.669s,PASSED
"click(findTestObject(""Page_IzifinDashboardClient/div_Login""))",Chrome 99.0.4844.51,,,2022-03-16 10:11:04,2022-03-16 10:11:05,0.507s,PASSED
"verifyElementPresent(findTestObject(""Invalid Credential/Page_IzifinDashboardClient/p_Invalid Login Credentials""), 0, STOP_ON_FAILURE)",Chrome 99.0.4844.51,,,2022-03-16 10:11:05,2022-03-16 10:11:07,2.027s,PASSED
Start listener action : sampleAfterTestCase,Chrome 99.0.4844.51,,,2022-03-16 10:11:07,2022-03-16 10:11:07,0.000s,PASSED
,,,,,,,
Test Cases/Login Test Cases/Retrieve Password,Chrome 99.0.4844.51,,,2022-03-16 10:11:07,2022-03-16 10:11:30,23.597s,PASSED
"openBrowser("""")",Chrome 99.0.4844.51,,,2022-03-16 10:11:08,2022-03-16 10:11:11,3.109s,PASSED
"navigateToUrl(""https://develop.d2c2sb6bkw86k3.amplifyapp.com/"")",Chrome 99.0.4844.51,,,2022-03-16 10:11:11,2022-03-16 10:11:17,6.604s,PASSED
"verifyElementPresent(findTestObject(""Page_IzifinDashboardClient/img_Login_header__img""), 0)",Chrome 99.0.4844.51,,,2022-03-16 10:11:17,2022-03-16 10:11:18,0.445s,PASSED
"setEncryptedText(findTestObject(""Page_IzifinDashboardClient/input_Email Address_izi-input ng-untouched ng-pristine ng-invalid""), ""26hUsgBdbAtPDHLueAsq6/YrXlE8h7f3"")",Chrome 99.0.4844.51,,,2022-03-16 10:11:18,2022-03-16 10:11:19,0.628s,PASSED
"setText(findTestObject(""Page_IzifinDashboardClient/input_Password_izi-input ng-untouched ng-pristine ng-invalid""), ""GTVJfu3B3JZvaaYBSiQZD5QdraTjNim0"")",Chrome 99.0.4844.51,,,2022-03-16 10:11:19,2022-03-16 10:11:19,0.933s,PASSED
"click(findTestObject(""Page_IzifinDashboardClient/div_Login""))",Chrome 99.0.4844.51,,,2022-03-16 10:11:19,2022-03-16 10:11:20,0.514s,PASSED
"verifyElementPresent(findTestObject(""Invalid Credential/Page_IzifinDashboardClient/p_Invalid Login Credentials""), 0, STOP_ON_FAILURE)",Chrome 99.0.4844.51,,,2022-03-16 10:11:20,2022-03-16 10:11:22,1.576s,PASSED
"click(findTestObject(""Page_IzifinDashboardClient/a_Forgot Password""))",Chrome 99.0.4844.51,,,2022-03-16 10:11:22,2022-03-16 10:11:22,0.775s,PASSED
"setText(findTestObject(""Page_IzifinDashboardClient/input_Email Address_izi-input ng-untouched ng-pristine ng-invalid""), ""charles@izifin.com"")",Chrome 99.0.4844.51,,,2022-03-16 10:11:22,2022-03-16 10:11:23,0.855s,PASSED
"click(findTestObject(""Page_IzifinDashboardClient/h3_Cancel""))",Chrome 99.0.4844.51,,,2022-03-16 10:11:23,2022-03-16 10:11:24,0.583s,PASSED
waitForPageLoad(10),Chrome 99.0.4844.51,,,2022-03-16 10:11:24,2022-03-16 10:11:24,0.087s,PASSED
"click(findTestObject(""Page_IzifinDashboardClient/a_Forgot Password""))",Chrome 99.0.4844.51,,,2022-03-16 10:11:24,2022-03-16 10:11:24,0.487s,PASSED
"setText(findTestObject(""Page_IzifinDashboardClient/input_Email Address_izi-input ng-untouched ng-pristine ng-invalid""), ""charles@izifin.com"")",Chrome 99.0.4844.51,,,2022-03-16 10:11:24,2022-03-16 10:11:25,0.976s,PASSED
"click(findTestObject(""Recover PAssword/Page_IzifinDashboardClient/h3_Recover Account""))",Chrome 99.0.4844.51,,,2022-03-16 10:11:25,2022-03-16 10:11:26,0.532s,PASSED
"verifyElementPresent(findTestObject(""Page_IzifinDashboardClient/p_A Link has been sent to your email charlesizifin.com. Click on the link to recover your account""), 0)",Chrome 99.0.4844.51,,,2022-03-16 10:11:26,2022-03-16 10:11:28,2.470s,PASSED
"verifyElementPresent(findTestObject(""Page_IzifinDashboardClient/button_Resend""), 0)",Chrome 99.0.4844.51,,,2022-03-16 10:11:28,2022-03-16 10:11:29,0.471s,PASSED
"click(findTestObject(""Page_IzifinDashboardClient/button_Resend""), STOP_ON_FAILURE)",Chrome 99.0.4844.51,,,2022-03-16 10:11:29,2022-03-16 10:11:29,0.586s,PASSED
enableSmartWait(),Chrome 99.0.4844.51,,,2022-03-16 10:11:29,2022-03-16 10:11:29,0.046s,PASSED
"click(findTestObject(""Get psswrd/Page_IzifinDashboardClient/button_Done""))",Chrome 99.0.4844.51,,,2022-03-16 10:11:29,2022-03-16 10:11:30,0.991s,PASSED
Start listener action : sampleAfterTestCase,Chrome 99.0.4844.51,,,2022-03-16 10:11:30,2022-03-16 10:11:30,0.000s,PASSED
,,,,,,,
Test Cases/Login Test Cases/Login,Chrome 99.0.4844.51,,,2022-03-16 10:11:30,2022-03-16 10:12:20,49.860s,PASSED
"openBrowser("""")",Chrome 99.0.4844.51,,,2022-03-16 10:11:31,2022-03-16 10:11:35,3.379s,PASSED
"navigateToUrl(""https://develop.d2c2sb6bkw86k3.amplifyapp.com/"")",Chrome 99.0.4844.51,,,2022-03-16 10:11:35,2022-03-16 10:11:42,7.694s,PASSED
"verifyElementPresent(findTestObject(""Page_IzifinDashboardClient/img_Login_header__img""), 0)",Chrome 99.0.4844.51,,,2022-03-16 10:11:42,2022-03-16 10:11:43,0.490s,PASSED
"setEncryptedText(findTestObject(""Page_IzifinDashboardClient/input_Email Address_izi-input ng-untouched ng-pristine ng-invalid""), ""26hUsgBdbAtPDHLueAsq6/YrXlE8h7f3"")",Chrome 99.0.4844.51,,,2022-03-16 10:11:43,2022-03-16 10:11:43,0.617s,PASSED
"setEncryptedText(findTestObject(""Page_IzifinDashboardClient/input_Password_izi-input ng-untouched ng-pristine ng-invalid""), ""VpMdp7NbYZL0S188q3mSdg=="")",Chrome 99.0.4844.51,,,2022-03-16 10:11:43,2022-03-16 10:11:44,0.557s,PASSED
"click(findTestObject(""Page_IzifinDashboardClient/div_Login""))",Chrome 99.0.4844.51,,,2022-03-16 10:11:44,2022-03-16 10:11:45,0.569s,PASSED
getWindowTitle(),Chrome 99.0.4844.51,,,2022-03-16 10:11:45,2022-03-16 10:11:45,0.042s,PASSED
"verifyElementNotPresent(findTestObject(""Dashboard/Page_IzifinDashboardClient/h2_Change your password""), 0, CONTINUE_ON_FAILURE)",Chrome 99.0.4844.51,,,2022-03-16 10:11:45,2022-03-16 10:11:47,2.664s,PASSED
"click(findTestObject(""Dashboard/Page_IzifinDashboardClient/span_Cancel""), OPTIONAL)",Chrome 99.0.4844.51,,,2022-03-16 10:11:47,2022-03-16 10:12:19,31.597s,PASSED
"verifyElementPresent(findTestObject(""Page_IzifinDashboardClient/p_Good Morning ,""), 0)",Chrome 99.0.4844.51,,,2022-03-16 10:12:19,2022-03-16 10:12:19,0.466s,PASSED
"verifyElementPresent(findTestObject(""Page_IzifinDashboardClient/p_John Doe""), 0)",Chrome 99.0.4844.51,,,2022-03-16 10:12:19,2022-03-16 10:12:20,0.531s,PASSED
"verifyElementPresent(findTestObject(""Page_IzifinDashboardClient/a_Dashboard""), 0)",Chrome 99.0.4844.51,,,2022-03-16 10:12:20,2022-03-16 10:12:20,0.424s,PASSED
Start listener action : sampleAfterTestCase,Chrome 99.0.4844.51,,,2022-03-16 10:12:20,2022-03-16 10:12:20,0.000s,PASSED
,,,,,,,
Test Cases/Dashboard/Dashboard,Chrome 99.0.4844.51,,,2022-03-16 10:12:20,2022-03-16 10:13:24,1m - 3.193s,PASSED
"callTestCase(findTestCase(""Login Test Cases/Login""), [:], OPTIONAL)",Chrome 99.0.4844.51,,,2022-03-16 10:12:21,2022-03-16 10:13:09,48.096s,PASSED
"verifyElementPresent(findTestObject(""Dashboard/Page_IzifinDashboardClient/a_Dashboard""), 0)",Chrome 99.0.4844.51,,,2022-03-16 10:13:09,2022-03-16 10:13:10,0.427s,PASSED
"verifyElementPresent(findTestObject(""Dashboard/Page_IzifinDashboardClient/div_Balance""), 0)",Chrome 99.0.4844.51,,,2022-03-16 10:13:10,2022-03-16 10:13:10,0.566s,PASSED
"verifyElementPresent(findTestObject(""Dashboard/Page_IzifinDashboardClient/button_Top Up""), 0)",Chrome 99.0.4844.51,,,2022-03-16 10:13:10,2022-03-16 10:13:11,0.526s,PASSED
"verifyElementPresent(findTestObject(""Dashboard/Page_IzifinDashboardClient/div_Total Decisions Made 39,203View""), 0)",Chrome 99.0.4844.51,,,2022-03-16 10:13:11,2022-03-16 10:13:11,0.544s,PASSED
"verifyElementPresent(findTestObject(""Dashboard/Page_IzifinDashboardClient/div_AVG. Acceptance Rate  68 View""), 0)",Chrome 99.0.4844.51,,,2022-03-16 10:13:11,2022-03-16 10:13:12,0.549s,PASSED
"verifyElementPresent(findTestObject(""Dashboard/Page_IzifinDashboardClient/h3_Analytics""), 0)",Chrome 99.0.4844.51,,,2022-03-16 10:13:12,2022-03-16 10:13:12,0.529s,PASSED
"verifyElementPresent(findTestObject(""Dashboard/Page_IzifinDashboardClient/div_Highest Acceptance Rate68At 1500""), 0)",Chrome 99.0.4844.51,,,2022-03-16 10:13:12,2022-03-16 10:13:13,0.832s,PASSED
"verifyElementPresent(findTestObject(""Dashboard/Page_IzifinDashboardClient/div_Busiest Hours1300 - 1500""), 0)",Chrome 99.0.4844.51,,,2022-03-16 10:13:13,2022-03-16 10:13:14,0.609s,PASSED
"verifyElementPresent(findTestObject(""Dashboard/Page_IzifinDashboardClient/h3_Acceptance Rate""), 0)",Chrome 99.0.4844.51,,,2022-03-16 10:13:14,2022-03-16 10:13:14,0.502s,PASSED
"verifyElementPresent(findTestObject(""Dashboard/Page_IzifinDashboardClient/div_Demographic Analytics""), 0)",Chrome 99.0.4844.51,,,2022-03-16 10:13:14,2022-03-16 10:13:15,0.512s,PASSED
"verifyElementClickable(findTestObject(""Page_IzifinDashboardClient/span_Decisions""))",Chrome 99.0.4844.51,,,2022-03-16 10:13:15,2022-03-16 10:13:16,0.677s,PASSED
"verifyElementClickable(findTestObject(""Page_IzifinDashboardClient/span_Integrations""))",Chrome 99.0.4844.51,,,2022-03-16 10:13:16,2022-03-16 10:13:16,0.688s,PASSED
"verifyElementClickable(findTestObject(""Page_IzifinDashboardClient/span_Settings""))",Chrome 99.0.4844.51,,,2022-03-16 10:13:16,2022-03-16 10:13:17,0.545s,PASSED
"takeElementScreenshotAsCheckpoint(""Graph"", findTestObject(""Dashboard2/Page_IzifinDashboardClient/canvas_All Products_canvas-container chartjs-render-monitor""))",Chrome 99.0.4844.51,,,2022-03-16 10:13:17,2022-03-16 10:13:20,3.440s,PASSED
"click(findTestObject(""Dash3/Page_IzifinDashboardClient/div_All Products""))",Chrome 99.0.4844.51,,,2022-03-16 10:13:20,2022-03-16 10:13:21,0.878s,PASSED
"click(findTestObject(""Dash3/Page_IzifinDashboardClient/button_Business Loan""))",Chrome 99.0.4844.51,,,2022-03-16 10:13:21,2022-03-16 10:13:22,1.106s,PASSED
"takeElementScreenshot(findTestObject(""Dashboard2/Page_IzifinDashboardClient/canvas_Business Loan_canvas-container chartjs-render-monitor""))",Chrome 99.0.4844.51,,,2022-03-16 10:13:22,2022-03-16 10:13:24,1.354s,PASSED
Start listener action : sampleAfterTestCase,Chrome 99.0.4844.51,,,2022-03-16 10:13:24,2022-03-16 10:13:24,0.001s,PASSED
,,,,,,,
Test Cases/Dashboard/Top Up,Chrome 99.0.4844.51,,,2022-03-16 10:13:24,2022-03-16 10:15:11,1m - 46.955s,FAILED
"callTestCase(findTestCase(""Dashboard/Dashboard""), [:], CONTINUE_ON_FAILURE)",Chrome 99.0.4844.51,,,2022-03-16 10:13:25,2022-03-16 10:14:30,1m - 5.246s,PASSED
"click(findTestObject(""Dashboard/Page_IzifinDashboardClient/button_Top Up""))",Chrome 99.0.4844.51,,,2022-03-16 10:14:30,2022-03-16 10:14:30,0.525s,PASSED
"setText(findTestObject(""Dashboard Topup/Page_IzifinDashboardClient/input_Enter number of decisions needed_exampleInputEmail1""), ""1000"")",Chrome 99.0.4844.51,,,2022-03-16 10:14:30,2022-03-16 10:14:31,1.152s,PASSED
"getText(findTestObject(""Dashboard Topup/Page_IzifinDashboardClient/span_Cost""))",Chrome 99.0.4844.51,,,2022-03-16 10:14:31,2022-03-16 10:14:32,0.686s,PASSED
"click(findTestObject(""Dashboard Topup/Page_IzifinDashboardClient/button_Cancel""))",Chrome 99.0.4844.51,,,2022-03-16 10:14:32,2022-03-16 10:14:33,0.796s,PASSED
"click(findTestObject(""Page_IzifinDashboardClient/button_Top Up""))",Chrome 99.0.4844.51,,,2022-03-16 10:14:33,2022-03-16 10:14:34,0.819s,PASSED
"setText(findTestObject(""Dashboard Topup/Page_IzifinDashboardClient/input_Enter number of decisions needed_exampleInputEmail1""), ""100"")",Chrome 99.0.4844.51,,,2022-03-16 10:14:34,2022-03-16 10:14:35,1.082s,PASSED
"getText(findTestObject(""Dashboard Topup/Page_IzifinDashboardClient/span_Cost""))",Chrome 99.0.4844.51,,,2022-03-16 10:14:35,2022-03-16 10:14:35,0.470s,PASSED
"click(findTestObject(""Dashboard Topup/Page_IzifinDashboardClient/button_Continue to Payment""))",Chrome 99.0.4844.51,,,2022-03-16 10:14:35,2022-03-16 10:14:39,3.595s,PASSED
getWindowTitle(),Chrome 99.0.4844.51,,,2022-03-16 10:14:39,2022-03-16 10:14:39,0.034s,PASSED
"click(findTestObject(""Dashboard/Page_IzifinDashboardClient/span_Cancel""))",Chrome 99.0.4844.51,,,2022-03-16 10:14:39,2022-03-16 10:15:11,31.667s,FAILED
Start listener action : sampleAfterTestCase,Chrome 99.0.4844.51,,,2022-03-16 10:15:11,2022-03-16 10:15:11,0.001s,PASSED
,,,,,,,
Test Cases/Dashboard/View Total Decisions,Chrome 99.0.4844.51,,,2022-03-16 10:15:11,2022-03-16 10:16:24,1m - 13.721s,PASSED
"callTestCase(findTestCase(""Login Test Cases/Login""), [:], CONTINUE_ON_FAILURE)",Chrome 99.0.4844.51,,,2022-03-16 10:15:11,2022-03-16 10:16:03,51.372s,PASSED
"click(findTestObject(""Page_IzifinDashboardClient/a_View (1)""))",Chrome 99.0.4844.51,,,2022-03-16 10:16:03,2022-03-16 10:16:03,0.636s,PASSED
"verifyElementPresent(findTestObject(""View Total Decisions/Page_IzifinDashboardClient/th_ID""), 0)",Chrome 99.0.4844.51,,,2022-03-16 10:16:03,2022-03-16 10:16:05,1.577s,PASSED
"verifyElementPresent(findTestObject(""View Total Decisions/Page_IzifinDashboardClient/th_Product Name""), 0)",Chrome 99.0.4844.51,,,2022-03-16 10:16:05,2022-03-16 10:16:06,0.501s,PASSED
"verifyElementPresent(findTestObject(""View Total Decisions/Page_IzifinDashboardClient/th_Date  Time""), 0)",Chrome 99.0.4844.51,,,2022-03-16 10:16:06,2022-03-16 10:16:06,0.506s,PASSED
"verifyElementPresent(findTestObject(""View Total Decisions/Page_IzifinDashboardClient/th_Decision""), 0)",Chrome 99.0.4844.51,,,2022-03-16 10:16:06,2022-03-16 10:16:07,0.459s,PASSED
"verifyElementPresent(findTestObject(""View Total Decisions/Page_IzifinDashboardClient/th_Score""), 0)",Chrome 99.0.4844.51,,,2022-03-16 10:16:07,2022-03-16 10:16:07,0.531s,PASSED
"click(findTestObject(""Decisions/Page_IzifinDashboardClient/span_Download reports""), CONTINUE_ON_FAILURE)",Chrome 99.0.4844.51,,,2022-03-16 10:16:07,2022-03-16 10:16:08,0.620s,PASSED
"click(findTestObject(""Decisions/Page_IzifinDashboardClient/li_Accept""))",Chrome 99.0.4844.51,,,2022-03-16 10:16:08,2022-03-16 10:16:09,1.031s,PASSED
"click(findTestObject(""View Decisions/Page_IzifinDashboardClient/li_Decline""))",Chrome 99.0.4844.51,,,2022-03-16 10:16:09,2022-03-16 10:16:09,0.568s,PASSED
"click(findTestObject(""Decisions/Page_IzifinDashboardClient/li_All""))",Chrome 99.0.4844.51,,,2022-03-16 10:16:09,2022-03-16 10:16:10,0.624s,PASSED
"setText(findTestObject(""View Decisions/Page_IzifinDashboardClient/input_To_search-input flex-grow-1""), ""carbon"", CONTINUE_ON_FAILURE)",Chrome 99.0.4844.51,,,2022-03-16 10:16:10,2022-03-16 10:16:11,0.918s,PASSED
"click(findTestObject(""Dashboard/Page_IzifinDashboardClient/svg""), CONTINUE_ON_FAILURE)",Chrome 99.0.4844.51,,,2022-03-16 10:16:11,2022-03-16 10:16:11,0.575s,PASSED
"click(findTestObject(""Dshbrd View Decisions/Page_IzifinDashboardClient/svg_Items per page_mat-paginator-icon""), CONTINUE_ON_FAILURE)",Chrome 99.0.4844.51,,,2022-03-16 10:16:11,2022-03-16 10:16:13,1.111s,PASSED
"click(findTestObject(""Dashboard/Page_IzifinDashboardClient/path""), CONTINUE_ON_FAILURE)",Chrome 99.0.4844.51,,,2022-03-16 10:16:13,2022-03-16 10:16:13,0.803s,PASSED
"click(findTestObject(""Decisions/Page_IzifinDashboardClient/svg_Items per page_mat-paginator-icon""), CONTINUE_ON_FAILURE)",Chrome 99.0.4844.51,,,2022-03-16 10:16:13,2022-03-16 10:16:14,0.709s,PASSED
"click(findTestObject(""Decisions2/Page_IzifinDashboardClient/div_Items per page_mat-select-arrow-wrapper ng-tns-c122-45""))",Chrome 99.0.4844.51,,,2022-03-16 10:16:14,2022-03-16 10:16:15,0.596s,PASSED
"click(findTestObject(""Decisions2/Page_IzifinDashboardClient/span_20""), CONTINUE_ON_FAILURE)",Chrome 99.0.4844.51,,,2022-03-16 10:16:15,2022-03-16 10:16:15,0.620s,PASSED
"click(findTestObject(""Decisions/Page_IzifinDashboardClient/span_From""))",Chrome 99.0.4844.51,,,2022-03-16 10:16:15,2022-03-16 10:16:16,1.238s,PASSED
"click(findTestObject(""View T Dec1/Page_IzifinDashboardClient/span_MAR 2022""))",Chrome 99.0.4844.51,,,2022-03-16 10:16:16,2022-03-16 10:16:17,0.749s,PASSED
"click(findTestObject(""View DSC2/Page_IzifinDashboardClient/div_2021""))",Chrome 99.0.4844.51,,,2022-03-16 10:16:17,2022-03-16 10:16:18,0.942s,PASSED
"click(findTestObject(""View DSC2/Page_IzifinDashboardClient/div_DEC""))",Chrome 99.0.4844.51,,,2022-03-16 10:16:18,2022-03-16 10:16:19,0.759s,PASSED
"click(findTestObject(""View DSC2/Page_IzifinDashboardClient/div_31""))",Chrome 99.0.4844.51,,,2022-03-16 10:16:19,2022-03-16 10:16:20,0.625s,PASSED
"click(findTestObject(""View DSC2/Page_IzifinDashboardClient/span_To""))",Chrome 99.0.4844.51,,,2022-03-16 10:16:20,2022-03-16 10:16:20,0.760s,PASSED
"click(findTestObject(""View DSC2/Page_IzifinDashboardClient/span_MAR 2022""))",Chrome 99.0.4844.51,,,2022-03-16 10:16:20,2022-03-16 10:16:21,0.744s,PASSED
"click(findTestObject(""View DSC2/Page_IzifinDashboardClient/div_2022""))",Chrome 99.0.4844.51,,,2022-03-16 10:16:21,2022-03-16 10:16:22,0.934s,PASSED
"click(findTestObject(""View DSC2/Page_IzifinDashboardClient/div_FEB""))",Chrome 99.0.4844.51,,,2022-03-16 10:16:22,2022-03-16 10:16:23,0.767s,PASSED
"click(findTestObject(""View DSC2/Page_IzifinDashboardClient/div_28""))",Chrome 99.0.4844.51,,,2022-03-16 10:16:23,2022-03-16 10:16:24,0.752s,PASSED
"click(findTestObject(""Dashboard/Page_IzifinDashboardClient/a_Dashboard""), CONTINUE_ON_FAILURE)",Chrome 99.0.4844.51,,,2022-03-16 10:16:24,2022-03-16 10:16:24,0.800s,PASSED
Start listener action : sampleAfterTestCase,Chrome 99.0.4844.51,,,2022-03-16 10:16:24,2022-03-16 10:16:24,0.000s,PASSED
,,,,,,,
Test Cases/Dashboard/View Average Acceptance Rate,Chrome 99.0.4844.51,,,2022-03-16 10:16:25,2022-03-16 10:17:22,57.220s,PASSED
"callTestCase(findTestCase(""Login Test Cases/Login""), [:], CONTINUE_ON_FAILURE)",Chrome 99.0.4844.51,,,2022-03-16 10:16:26,2022-03-16 10:17:17,51.819s,PASSED
"click(findTestObject(""Dashboard/Page_IzifinDashboardClient/a_View""))",Chrome 99.0.4844.51,,,2022-03-16 10:17:17,2022-03-16 10:17:18,0.784s,PASSED
"verifyElementPresent(findTestObject(""View Acceptance/Page_IzifinDashboardClient/p_Total Products""), 0)",Chrome 99.0.4844.51,,,2022-03-16 10:17:18,2022-03-16 10:17:19,0.584s,PASSED
"verifyElementPresent(findTestObject(""Avg Accept Rate/Page_IzifinDashboardClient/p_AVG. Acceptance Rate""), 0)",Chrome 99.0.4844.51,,,2022-03-16 10:17:19,2022-03-16 10:17:19,0.613s,PASSED
"click(findTestObject(""View Acceptance/Page_IzifinDashboardClient/td_All Time""), STOP_ON_FAILURE)",Chrome 99.0.4844.51,,,2022-03-16 10:17:19,2022-03-16 10:17:20,0.874s,PASSED
"click(findTestObject(""Page_IzifinDashboardClient/li_Yesterday""))",Chrome 99.0.4844.51,,,2022-03-16 10:17:20,2022-03-16 10:17:21,0.608s,PASSED
"click(findTestObject(""Page_IzifinDashboardClient/a_Dashboard""))",Chrome 99.0.4844.51,,,2022-03-16 10:17:21,2022-03-16 10:17:22,1.134s,PASSED
Start listener action : sampleAfterTestCase,Chrome 99.0.4844.51,,,2022-03-16 10:17:22,2022-03-16 10:17:22,0.000s,PASSED
,,,,,,,
Test Cases/Dashboard/Decisions,Chrome 99.0.4844.51,,,2022-03-16 10:17:22,2022-03-16 10:18:36,1m - 13.846s,PASSED
"callTestCase(findTestCase(""Login Test Cases/Login""), [:], OPTIONAL)",Chrome 99.0.4844.51,,,2022-03-16 10:17:23,2022-03-16 10:18:13,49.600s,PASSED
"click(findTestObject(""Decisions/Page_IzifinDashboardClient/span_Decisions""))",Chrome 99.0.4844.51,,,2022-03-16 10:18:13,2022-03-16 10:18:13,0.670s,PASSED
"verifyElementPresent(findTestObject(""Decisions/Page_IzifinDashboardClient/th_ID""), 0)",Chrome 99.0.4844.51,,,2022-03-16 10:18:13,2022-03-16 10:18:15,1.722s,PASSED
"verifyElementPresent(findTestObject(""Decisions/Page_IzifinDashboardClient/th_Product Name""), 0)",Chrome 99.0.4844.51,,,2022-03-16 10:18:15,2022-03-16 10:18:16,0.548s,PASSED
"verifyElementPresent(findTestObject(""Decisions/Page_IzifinDashboardClient/th_Date  Time""), 0)",Chrome 99.0.4844.51,,,2022-03-16 10:18:16,2022-03-16 10:18:16,0.638s,PASSED
"verifyElementPresent(findTestObject(""Decisions/Page_IzifinDashboardClient/th_Decision""), 0)",Chrome 99.0.4844.51,,,2022-03-16 10:18:16,2022-03-16 10:18:17,0.539s,PASSED
"verifyElementPresent(findTestObject(""Decisions/Page_IzifinDashboardClient/th_Score""), 0)",Chrome 99.0.4844.51,,,2022-03-16 10:18:17,2022-03-16 10:18:17,0.614s,PASSED
"click(findTestObject(""Decisions/Page_IzifinDashboardClient/li_Accept""))",Chrome 99.0.4844.51,,,2022-03-16 10:18:17,2022-03-16 10:18:18,0.597s,PASSED
"click(findTestObject(""Decisions/Page_IzifinDashboardClient/li_Decline""))",Chrome 99.0.4844.51,,,2022-03-16 10:18:18,2022-03-16 10:18:19,0.841s,PASSED
"click(findTestObject(""Decisions/Page_IzifinDashboardClient/li_All""))",Chrome 99.0.4844.51,,,2022-03-16 10:18:19,2022-03-16 10:18:19,0.560s,PASSED
"click(findTestObject(""Decisions/Page_IzifinDashboardClient/span_Download reports""))",Chrome 99.0.4844.51,,,2022-03-16 10:18:19,2022-03-16 10:18:20,0.648s,PASSED
"click(findTestObject(""Decisions/Page_IzifinDashboardClient/span_From""))",Chrome 99.0.4844.51,,,2022-03-16 10:18:20,2022-03-16 10:18:21,1.109s,PASSED
"click(findTestObject(""Decisions/Page_IzifinDashboardClient/div_MAR 2022_mat-calendar-arrow""))",Chrome 99.0.4844.51,,,2022-03-16 10:18:21,2022-03-16 10:18:22,0.728s,PASSED
"click(findTestObject(""Decisions/Page_IzifinDashboardClient/div_2021""))",Chrome 99.0.4844.51,,,2022-03-16 10:18:22,2022-03-16 10:18:23,1.048s,PASSED
"click(findTestObject(""Decisions/Page_IzifinDashboardClient/div_DEC""))",Chrome 99.0.4844.51,,,2022-03-16 10:18:23,2022-03-16 10:18:24,0.727s,PASSED
"click(findTestObject(""Decisions/Page_IzifinDashboardClient/div_31""))",Chrome 99.0.4844.51,,,2022-03-16 10:18:24,2022-03-16 10:18:24,0.706s,PASSED
"click(findTestObject(""Decisions/Page_IzifinDashboardClient/span_To""))",Chrome 99.0.4844.51,,,2022-03-16 10:18:24,2022-03-16 10:18:25,0.821s,PASSED
"click(findTestObject(""Decisions/Page_IzifinDashboardClient/button__mat-focus-indicator mat-calendar-previous-button mat-icon-button mat-button-base""))",Chrome 99.0.4844.51,,,2022-03-16 10:18:25,2022-03-16 10:18:26,0.711s,PASSED
"click(findTestObject(""Decisions/Page_IzifinDashboardClient/div_28""))",Chrome 99.0.4844.51,,,2022-03-16 10:18:26,2022-03-16 10:18:27,0.931s,PASSED
"click(findTestObject(""Decisions2/Page_IzifinDashboardClient/svg_Items per page_mat-paginator-icon""))",Chrome 99.0.4844.51,,,2022-03-16 10:18:27,2022-03-16 10:18:28,0.780s,PASSED
"click(findTestObject(""Decisions2/Page_IzifinDashboardClient/div_Items per page_mat-select-arrow-wrapper ng-tns-c122-45""))",Chrome 99.0.4844.51,,,2022-03-16 10:18:28,2022-03-16 10:18:28,0.570s,PASSED
"click(findTestObject(""Decisions2/Page_IzifinDashboardClient/span_20""))",Chrome 99.0.4844.51,,,2022-03-16 10:18:28,2022-03-16 10:18:29,0.650s,PASSED
"setText(findTestObject(""Decisions/Page_IzifinDashboardClient/input_To_search-input flex-grow-1""), ""Sulfur"")",Chrome 99.0.4844.51,,,2022-03-16 10:18:29,2022-03-16 10:18:30,1.505s,PASSED
"verifyTextNotPresent(""oxygen"", false)",Chrome 99.0.4844.51,,,2022-03-16 10:18:30,2022-03-16 10:18:31,0.600s,PASSED
"click(findTestObject(""Decisions/Page_IzifinDashboardClient/div_All Products""))",Chrome 99.0.4844.51,,,2022-03-16 10:18:31,2022-03-16 10:18:32,0.656s,PASSED
"click(findTestObject(""Decisions/Page_IzifinDashboardClient/button_Personal Loan""))",Chrome 99.0.4844.51,,,2022-03-16 10:18:32,2022-03-16 10:18:33,0.989s,PASSED
"click(findTestObject(""Decisions/Page_IzifinDashboardClient/div_All Products""))",Chrome 99.0.4844.51,,,2022-03-16 10:18:33,2022-03-16 10:18:34,1.131s,PASSED
"click(findTestObject(""Decisions/Page_IzifinDashboardClient/button_Business Loan""))",Chrome 99.0.4844.51,,,2022-03-16 10:18:34,2022-03-16 10:18:35,0.964s,PASSED
"click(findTestObject(""Decisions/Page_IzifinDashboardClient/a_Dashboard""))",Chrome 99.0.4844.51,,,2022-03-16 10:18:35,2022-03-16 10:18:36,1.238s,PASSED
Start listener action : sampleAfterTestCase,Chrome 99.0.4844.51,,,2022-03-16 10:18:36,2022-03-16 10:18:36,0.000s,PASSED
,,,,,,,
Test Cases/Dashboard/Transactions,Chrome 99.0.4844.51,,,2022-03-16 10:18:36,2022-03-16 10:19:43,1m - 7.270s,PASSED
"callTestCase(findTestCase(""Login Test Cases/Login""), [:], OPTIONAL)",Chrome 99.0.4844.51,,,2022-03-16 10:18:37,2022-03-16 10:19:24,47.097s,PASSED
"click(findTestObject(""Page_IzifinDashboardClient/span_Transactions""))",Chrome 99.0.4844.51,,,2022-03-16 10:19:24,2022-03-16 10:19:25,0.684s,PASSED
getWindowTitle(),Chrome 99.0.4844.51,,,2022-03-16 10:19:25,2022-03-16 10:19:25,0.024s,PASSED
"verifyElementPresent(findTestObject(""Transactions/Page_IzifinDashboardClient/p_Total Debit Transactions""), 0)",Chrome 99.0.4844.51,,,2022-03-16 10:19:25,2022-03-16 10:19:25,0.635s,PASSED
"verifyElementPresent(findTestObject(""Transactions/Page_IzifinDashboardClient/p_Total Credit Transactions""), 0)",Chrome 99.0.4844.51,,,2022-03-16 10:19:25,2022-03-16 10:19:26,0.788s,PASSED
"verifyElementPresent(findTestObject(""Transactions/Page_IzifinDashboardClient/p_Total Transactions Made""), 0)",Chrome 99.0.4844.51,,,2022-03-16 10:19:26,2022-03-16 10:19:27,0.582s,PASSED
"click(findTestObject(""Transactions/Page_IzifinDashboardClient/li_Credit""))",Chrome 99.0.4844.51,,,2022-03-16 10:19:27,2022-03-16 10:19:27,0.632s,PASSED
"click(findTestObject(""Transactions/Page_IzifinDashboardClient/li_Debit""))",Chrome 99.0.4844.51,,,2022-03-16 10:19:27,2022-03-16 10:19:28,0.696s,PASSED
"click(findTestObject(""Transactions/Page_IzifinDashboardClient/li_All""))",Chrome 99.0.4844.51,,,2022-03-16 10:19:28,2022-03-16 10:19:29,0.649s,PASSED
"click(findTestObject(""Transactions/Page_IzifinDashboardClient/span_Download reports""))",Chrome 99.0.4844.51,,,2022-03-16 10:19:29,2022-03-16 10:19:29,0.807s,PASSED
"click(findTestObject(""Transactions/Page_IzifinDashboardClient/span_From""))",Chrome 99.0.4844.51,,,2022-03-16 10:19:29,2022-03-16 10:19:31,1.193s,PASSED
"click(findTestObject(""Transactions/Page_IzifinDashboardClient/button_MAR 2022""))",Chrome 99.0.4844.51,,,2022-03-16 10:19:31,2022-03-16 10:19:31,0.739s,PASSED
"click(findTestObject(""Transactions/Page_IzifinDashboardClient/div_2021""))",Chrome 99.0.4844.51,,,2022-03-16 10:19:31,2022-03-16 10:19:32,0.956s,PASSED
"click(findTestObject(""Transactions/Page_IzifinDashboardClient/div_DEC""))",Chrome 99.0.4844.51,,,2022-03-16 10:19:32,2022-03-16 10:19:33,0.763s,PASSED
"click(findTestObject(""Transactions/Page_IzifinDashboardClient/div_31""))",Chrome 99.0.4844.51,,,2022-03-16 10:19:33,2022-03-16 10:19:34,0.713s,PASSED
"click(findTestObject(""Transactions/Page_IzifinDashboardClient/span_To""))",Chrome 99.0.4844.51,,,2022-03-16 10:19:34,2022-03-16 10:19:35,0.824s,PASSED
"click(findTestObject(""Transactions/Page_IzifinDashboardClient/span_MAR 2022""))",Chrome 99.0.4844.51,,,2022-03-16 10:19:35,2022-03-16 10:19:35,0.693s,PASSED
"click(findTestObject(""Transactions/Page_IzifinDashboardClient/div_2022""))",Chrome 99.0.4844.51,,,2022-03-16 10:19:35,2022-03-16 10:19:36,0.920s,PASSED
"click(findTestObject(""Transactions/Page_IzifinDashboardClient/div_FEB""))",Chrome 99.0.4844.51,,,2022-03-16 10:19:36,2022-03-16 10:19:37,0.734s,PASSED
"click(findTestObject(""Transactions/Page_IzifinDashboardClient/div_28""))",Chrome 99.0.4844.51,,,2022-03-16 10:19:37,2022-03-16 10:19:38,0.758s,PASSED
"click(findTestObject(""Transactions/Page_IzifinDashboardClient/svg_Items per page_mat-paginator-icon""))",Chrome 99.0.4844.51,,,2022-03-16 10:19:38,2022-03-16 10:19:39,0.773s,PASSED
"click(findTestObject(""Transactions/Page_IzifinDashboardClient/div_Items per page_mat-select-arrow ng-tns-c122-45""))",Chrome 99.0.4844.51,,,2022-03-16 10:19:39,2022-03-16 10:19:39,0.630s,PASSED
"click(findTestObject(""Transactions/Page_IzifinDashboardClient/span_20""))",Chrome 99.0.4844.51,,,2022-03-16 10:19:39,2022-03-16 10:19:40,0.586s,PASSED
"setText(findTestObject(""Transactions/Page_IzifinDashboardClient/input_To_search-input""), ""Oxygen"")",Chrome 99.0.4844.51,,,2022-03-16 10:19:40,2022-03-16 10:19:41,1.529s,PASSED
"click(findTestObject(""Transactions/Page_IzifinDashboardClient/svg""))",Chrome 99.0.4844.51,,,2022-03-16 10:19:41,2022-03-16 10:19:42,0.970s,PASSED
"verifyTextNotPresent(""Nitrogen"", false, CONTINUE_ON_FAILURE)",Chrome 99.0.4844.51,,,2022-03-16 10:19:42,2022-03-16 10:19:43,0.419s,PASSED
"click(findTestObject(""Transactions/Page_IzifinDashboardClient/a_Dashboard""))",Chrome 99.0.4844.51,,,2022-03-16 10:19:43,2022-03-16 10:19:43,0.649s,PASSED
Start listener action : sampleAfterTestCase,Chrome 99.0.4844.51,,,2022-03-16 10:19:43,2022-03-16 10:19:43,0.001s,PASSED
,,,,,,,
Test Cases/Dashboard/Integrations,Chrome 99.0.4844.51,,,2022-03-16 10:19:43,2022-03-16 10:20:43,59.379s,PASSED
"callTestCase(findTestCase(""Login Test Cases/Login""), [:], OPTIONAL)",Chrome 99.0.4844.51,,,2022-03-16 10:19:44,2022-03-16 10:20:34,50.164s,PASSED
"click(findTestObject(""Page_IzifinDashboardClient/span_Integrations""))",Chrome 99.0.4844.51,,,2022-03-16 10:20:34,2022-03-16 10:20:35,0.655s,PASSED
getWindowTitle(),Chrome 99.0.4844.51,,,2022-03-16 10:20:35,2022-03-16 10:20:35,0.026s,PASSED
"click(findTestObject(""Integrations/Page_IzifinDashboardClient/span_Copy""))",Chrome 99.0.4844.51,,,2022-03-16 10:20:35,2022-03-16 10:20:36,1.552s,PASSED
"waitForAlert(5, STOP_ON_FAILURE)",Chrome 99.0.4844.51,,,2022-03-16 10:20:36,2022-03-16 10:20:42,5.242s,PASSED
"click(findTestObject(""Integrations/Page_IzifinDashboardClient/a_Dashboard""))",Chrome 99.0.4844.51,,,2022-03-16 10:20:42,2022-03-16 10:20:43,0.976s,PASSED
Start listener action : sampleAfterTestCase,Chrome 99.0.4844.51,,,2022-03-16 10:20:43,2022-03-16 10:20:43,0.003s,PASSED
