Suite/Test/Step Name,Browser,Description,Tag,Start time,End time,Duration,Status
Admin Dashboard Regression,Chrome 99.0.4844.51,,,2022-03-16 10:29:19,2022-03-16 10:39:48,10m - 29.379s,PASSED
,,,,,,,
Test Cases/Login Test Cases/Invalid Password,Chrome 99.0.4844.51,,,2022-03-16 10:29:20,2022-03-16 10:29:47,27.869s,PASSED
"openBrowser("""")",Chrome 99.0.4844.51,,,2022-03-16 10:29:21,2022-03-16 10:29:29,8.067s,PASSED
"navigateToUrl(""https://develop.d2c2sb6bkw86k3.amplifyapp.com/"")",Chrome 99.0.4844.51,,,2022-03-16 10:29:29,2022-03-16 10:29:41,12.016s,PASSED
"verifyElementPresent(findTestObject(""Page_IzifinDashboardClient/img_Login_header__img""), 0)",Chrome 99.0.4844.51,,,2022-03-16 10:29:41,2022-03-16 10:29:42,0.801s,PASSED
"setEncryptedText(findTestObject(""Page_IzifinDashboardClient/input_Email Address_izi-input ng-untouched ng-pristine ng-invalid""), ""26hUsgBdbAtPDHLueAsq6/YrXlE8h7f3"")",Chrome 99.0.4844.51,,,2022-03-16 10:29:42,2022-03-16 10:29:43,0.915s,PASSED
"setText(findTestObject(""Page_IzifinDashboardClient/input_Password_izi-input ng-untouched ng-pristine ng-invalid""), ""GTVJfu3B3JZvaaYBSiQZD5QdraTjNim0"")",Chrome 99.0.4844.51,,,2022-03-16 10:29:43,2022-03-16 10:29:44,1.146s,PASSED
"click(findTestObject(""Page_IzifinDashboardClient/div_Login""))",Chrome 99.0.4844.51,,,2022-03-16 10:29:44,2022-03-16 10:29:45,0.675s,PASSED
"verifyElementPresent(findTestObject(""Invalid Credential/Page_IzifinDashboardClient/p_Invalid Login Credentials""), 0)",Chrome 99.0.4844.51,,,2022-03-16 10:29:45,2022-03-16 10:29:47,2.814s,PASSED
Start listener action : sampleAfterTestCase,Chrome 99.0.4844.51,,,2022-03-16 10:29:47,2022-03-16 10:29:47,0.017s,PASSED
,,,,,,,
Test Cases/Login Test Cases/Invalid Username,Chrome 99.0.4844.51,,,2022-03-16 10:29:47,2022-03-16 10:30:09,21.318s,PASSED
"openBrowser("""")",Chrome 99.0.4844.51,,,2022-03-16 10:29:49,2022-03-16 10:29:54,4.481s,PASSED
"navigateToUrl(""https://develop.d2c2sb6bkw86k3.amplifyapp.com/"")",Chrome 99.0.4844.51,,,2022-03-16 10:29:54,2022-03-16 10:30:04,10.618s,PASSED
"verifyElementPresent(findTestObject(""Page_IzifinDashboardClient/img_Login_header__img""), 0)",Chrome 99.0.4844.51,,,2022-03-16 10:30:04,2022-03-16 10:30:05,0.548s,PASSED
"setEncryptedText(findTestObject(""Page_IzifinDashboardClient/input_Email Address_izi-input ng-untouched ng-pristine ng-invalid""), ""fP5S25v6lDEehA+gjO7QNkAHxFmwwgmj"")",Chrome 99.0.4844.51,,,2022-03-16 10:30:05,2022-03-16 10:30:05,0.758s,PASSED
"setEncryptedText(findTestObject(""Page_IzifinDashboardClient/input_Password_izi-input ng-untouched ng-pristine ng-invalid""), ""VpMdp7NbYZL0S188q3mSdg=="")",Chrome 99.0.4844.51,,,2022-03-16 10:30:05,2022-03-16 10:30:06,0.760s,PASSED
"click(findTestObject(""Page_IzifinDashboardClient/div_Login""))",Chrome 99.0.4844.51,,,2022-03-16 10:30:06,2022-03-16 10:30:07,0.638s,PASSED
"verifyElementPresent(findTestObject(""Invalid Credential/Page_IzifinDashboardClient/p_Invalid Login Credentials""), 0, STOP_ON_FAILURE)",Chrome 99.0.4844.51,,,2022-03-16 10:30:07,2022-03-16 10:30:09,1.909s,PASSED
Start listener action : sampleAfterTestCase,Chrome 99.0.4844.51,,,2022-03-16 10:30:09,2022-03-16 10:30:09,0.001s,PASSED
,,,,,,,
Test Cases/Login Test Cases/Retrieve Password,Chrome 99.0.4844.51,,,2022-03-16 10:30:09,2022-03-16 10:30:37,28.568s,PASSED
"openBrowser("""")",Chrome 99.0.4844.51,,,2022-03-16 10:30:10,2022-03-16 10:30:14,3.901s,PASSED
"navigateToUrl(""https://develop.d2c2sb6bkw86k3.amplifyapp.com/"")",Chrome 99.0.4844.51,,,2022-03-16 10:30:14,2022-03-16 10:30:22,8.650s,PASSED
"verifyElementPresent(findTestObject(""Page_IzifinDashboardClient/img_Login_header__img""), 0)",Chrome 99.0.4844.51,,,2022-03-16 10:30:22,2022-03-16 10:30:23,0.518s,PASSED
"setEncryptedText(findTestObject(""Page_IzifinDashboardClient/input_Email Address_izi-input ng-untouched ng-pristine ng-invalid""), ""26hUsgBdbAtPDHLueAsq6/YrXlE8h7f3"")",Chrome 99.0.4844.51,,,2022-03-16 10:30:23,2022-03-16 10:30:24,0.761s,PASSED
"setText(findTestObject(""Page_IzifinDashboardClient/input_Password_izi-input ng-untouched ng-pristine ng-invalid""), ""GTVJfu3B3JZvaaYBSiQZD5QdraTjNim0"")",Chrome 99.0.4844.51,,,2022-03-16 10:30:24,2022-03-16 10:30:25,1.097s,PASSED
"click(findTestObject(""Page_IzifinDashboardClient/div_Login""))",Chrome 99.0.4844.51,,,2022-03-16 10:30:25,2022-03-16 10:30:25,0.608s,PASSED
"verifyElementPresent(findTestObject(""Invalid Credential/Page_IzifinDashboardClient/p_Invalid Login Credentials""), 0, STOP_ON_FAILURE)",Chrome 99.0.4844.51,,,2022-03-16 10:30:25,2022-03-16 10:30:28,2.205s,PASSED
"click(findTestObject(""Page_IzifinDashboardClient/a_Forgot Password""))",Chrome 99.0.4844.51,,,2022-03-16 10:30:28,2022-03-16 10:30:29,0.864s,PASSED
"setText(findTestObject(""Page_IzifinDashboardClient/input_Email Address_izi-input ng-untouched ng-pristine ng-invalid""), ""charles@izifin.com"")",Chrome 99.0.4844.51,,,2022-03-16 10:30:29,2022-03-16 10:30:30,1.011s,PASSED
"click(findTestObject(""Page_IzifinDashboardClient/h3_Cancel""))",Chrome 99.0.4844.51,,,2022-03-16 10:30:30,2022-03-16 10:30:30,0.632s,PASSED
waitForPageLoad(10),Chrome 99.0.4844.51,,,2022-03-16 10:30:30,2022-03-16 10:30:31,0.398s,PASSED
"click(findTestObject(""Page_IzifinDashboardClient/a_Forgot Password""))",Chrome 99.0.4844.51,,,2022-03-16 10:30:31,2022-03-16 10:30:31,0.618s,PASSED
"setText(findTestObject(""Page_IzifinDashboardClient/input_Email Address_izi-input ng-untouched ng-pristine ng-invalid""), ""charles@izifin.com"")",Chrome 99.0.4844.51,,,2022-03-16 10:30:31,2022-03-16 10:30:32,0.999s,PASSED
"click(findTestObject(""Recover PAssword/Page_IzifinDashboardClient/h3_Recover Account""))",Chrome 99.0.4844.51,,,2022-03-16 10:30:32,2022-03-16 10:30:33,0.686s,PASSED
"verifyElementPresent(findTestObject(""Page_IzifinDashboardClient/p_A Link has been sent to your email charlesizifin.com. Click on the link to recover your account""), 0)",Chrome 99.0.4844.51,,,2022-03-16 10:30:33,2022-03-16 10:30:35,2.241s,PASSED
"verifyElementPresent(findTestObject(""Page_IzifinDashboardClient/button_Resend""), 0)",Chrome 99.0.4844.51,,,2022-03-16 10:30:35,2022-03-16 10:30:36,0.566s,PASSED
"click(findTestObject(""Page_IzifinDashboardClient/button_Resend""), STOP_ON_FAILURE)",Chrome 99.0.4844.51,,,2022-03-16 10:30:36,2022-03-16 10:30:36,0.633s,PASSED
enableSmartWait(),Chrome 99.0.4844.51,,,2022-03-16 10:30:36,2022-03-16 10:30:36,0.117s,PASSED
"click(findTestObject(""Get psswrd/Page_IzifinDashboardClient/button_Done""))",Chrome 99.0.4844.51,,,2022-03-16 10:30:36,2022-03-16 10:30:37,0.921s,PASSED
Start listener action : sampleAfterTestCase,Chrome 99.0.4844.51,,,2022-03-16 10:30:37,2022-03-16 10:30:37,0.002s,PASSED
,,,,,,,
Test Cases/Login Test Cases/Login,Chrome 99.0.4844.51,,,2022-03-16 10:30:37,2022-03-16 10:31:30,52.060s,PASSED
"openBrowser("""")",Chrome 99.0.4844.51,,,2022-03-16 10:30:39,2022-03-16 10:30:42,3.281s,PASSED
"navigateToUrl(""https://develop.d2c2sb6bkw86k3.amplifyapp.com/"")",Chrome 99.0.4844.51,,,2022-03-16 10:30:42,2022-03-16 10:30:50,8.114s,PASSED
"verifyElementPresent(findTestObject(""Page_IzifinDashboardClient/img_Login_header__img""), 0)",Chrome 99.0.4844.51,,,2022-03-16 10:30:50,2022-03-16 10:30:51,0.530s,PASSED
"setEncryptedText(findTestObject(""Page_IzifinDashboardClient/input_Email Address_izi-input ng-untouched ng-pristine ng-invalid""), ""26hUsgBdbAtPDHLueAsq6/YrXlE8h7f3"")",Chrome 99.0.4844.51,,,2022-03-16 10:30:51,2022-03-16 10:30:52,0.787s,PASSED
"setEncryptedText(findTestObject(""Page_IzifinDashboardClient/input_Password_izi-input ng-untouched ng-pristine ng-invalid""), ""VpMdp7NbYZL0S188q3mSdg=="")",Chrome 99.0.4844.51,,,2022-03-16 10:30:52,2022-03-16 10:30:52,0.733s,PASSED
"click(findTestObject(""Page_IzifinDashboardClient/div_Login""))",Chrome 99.0.4844.51,,,2022-03-16 10:30:52,2022-03-16 10:30:53,0.596s,PASSED
getWindowTitle(),Chrome 99.0.4844.51,,,2022-03-16 10:30:53,2022-03-16 10:30:53,0.057s,PASSED
"verifyElementNotPresent(findTestObject(""Dashboard/Page_IzifinDashboardClient/h2_Change your password""), 0, CONTINUE_ON_FAILURE)",Chrome 99.0.4844.51,,,2022-03-16 10:30:53,2022-03-16 10:30:56,3.087s,PASSED
"click(findTestObject(""Dashboard/Page_IzifinDashboardClient/span_Cancel""), OPTIONAL)",Chrome 99.0.4844.51,,,2022-03-16 10:30:56,2022-03-16 10:31:28,31.742s,PASSED
"verifyElementPresent(findTestObject(""Page_IzifinDashboardClient/p_Good Morning ,""), 0)",Chrome 99.0.4844.51,,,2022-03-16 10:31:28,2022-03-16 10:31:28,0.509s,PASSED
"verifyElementPresent(findTestObject(""Page_IzifinDashboardClient/p_John Doe""), 0)",Chrome 99.0.4844.51,,,2022-03-16 10:31:28,2022-03-16 10:31:29,0.591s,PASSED
"verifyElementPresent(findTestObject(""Page_IzifinDashboardClient/a_Dashboard""), 0)",Chrome 99.0.4844.51,,,2022-03-16 10:31:29,2022-03-16 10:31:30,0.509s,PASSED
Start listener action : sampleAfterTestCase,Chrome 99.0.4844.51,,,2022-03-16 10:31:30,2022-03-16 10:31:30,0.001s,PASSED
,,,,,,,
Test Cases/Dashboard/Dashboard,Chrome 99.0.4844.51,,,2022-03-16 10:31:30,2022-03-16 10:32:33,1m - 3.458s,PASSED
"callTestCase(findTestCase(""Login Test Cases/Login""), [:], OPTIONAL)",Chrome 99.0.4844.51,,,2022-03-16 10:31:31,2022-03-16 10:32:21,50.469s,PASSED
"verifyElementPresent(findTestObject(""Dashboard/Page_IzifinDashboardClient/a_Dashboard""), 0)",Chrome 99.0.4844.51,,,2022-03-16 10:32:21,2022-03-16 10:32:22,0.548s,PASSED
"verifyElementPresent(findTestObject(""Dashboard/Page_IzifinDashboardClient/div_Balance""), 0)",Chrome 99.0.4844.51,,,2022-03-16 10:32:22,2022-03-16 10:32:22,0.649s,PASSED
"verifyElementPresent(findTestObject(""Dashboard/Page_IzifinDashboardClient/button_Top Up""), 0)",Chrome 99.0.4844.51,,,2022-03-16 10:32:22,2022-03-16 10:32:23,0.550s,PASSED
"verifyElementPresent(findTestObject(""Dashboard/Page_IzifinDashboardClient/div_Total Decisions Made 39,203View""), 0)",Chrome 99.0.4844.51,,,2022-03-16 10:32:23,2022-03-16 10:32:23,0.531s,PASSED
"verifyElementPresent(findTestObject(""Dashboard/Page_IzifinDashboardClient/div_AVG. Acceptance Rate  68 View""), 0)",Chrome 99.0.4844.51,,,2022-03-16 10:32:23,2022-03-16 10:32:24,0.585s,PASSED
"verifyElementPresent(findTestObject(""Dashboard/Page_IzifinDashboardClient/h3_Analytics""), 0)",Chrome 99.0.4844.51,,,2022-03-16 10:32:24,2022-03-16 10:32:25,0.551s,PASSED
"verifyElementPresent(findTestObject(""Dashboard/Page_IzifinDashboardClient/div_Highest Acceptance Rate68At 1500""), 0)",Chrome 99.0.4844.51,,,2022-03-16 10:32:25,2022-03-16 10:32:25,0.619s,PASSED
"verifyElementPresent(findTestObject(""Dashboard/Page_IzifinDashboardClient/div_Busiest Hours1300 - 1500""), 0)",Chrome 99.0.4844.51,,,2022-03-16 10:32:25,2022-03-16 10:32:26,0.579s,PASSED
"verifyElementPresent(findTestObject(""Dashboard/Page_IzifinDashboardClient/h3_Acceptance Rate""), 0)",Chrome 99.0.4844.51,,,2022-03-16 10:32:26,2022-03-16 10:32:26,0.574s,PASSED
"verifyElementPresent(findTestObject(""Dashboard/Page_IzifinDashboardClient/div_Demographic Analytics""), 0)",Chrome 99.0.4844.51,,,2022-03-16 10:32:26,2022-03-16 10:32:27,0.565s,PASSED
"verifyElementClickable(findTestObject(""Page_IzifinDashboardClient/span_Decisions""))",Chrome 99.0.4844.51,,,2022-03-16 10:32:27,2022-03-16 10:32:28,0.584s,PASSED
"verifyElementClickable(findTestObject(""Page_IzifinDashboardClient/span_Integrations""))",Chrome 99.0.4844.51,,,2022-03-16 10:32:28,2022-03-16 10:32:28,0.524s,PASSED
"verifyElementClickable(findTestObject(""Page_IzifinDashboardClient/span_Settings""))",Chrome 99.0.4844.51,,,2022-03-16 10:32:28,2022-03-16 10:32:29,0.546s,PASSED
"takeElementScreenshotAsCheckpoint(""Graph"", findTestObject(""Dashboard2/Page_IzifinDashboardClient/canvas_All Products_canvas-container chartjs-render-monitor""))",Chrome 99.0.4844.51,,,2022-03-16 10:32:29,2022-03-16 10:32:30,1.612s,PASSED
"click(findTestObject(""Dash3/Page_IzifinDashboardClient/div_All Products""))",Chrome 99.0.4844.51,,,2022-03-16 10:32:30,2022-03-16 10:32:31,0.657s,PASSED
"click(findTestObject(""Dash3/Page_IzifinDashboardClient/button_Business Loan""))",Chrome 99.0.4844.51,,,2022-03-16 10:32:31,2022-03-16 10:32:32,1.016s,PASSED
"takeElementScreenshot(findTestObject(""Dashboard2/Page_IzifinDashboardClient/canvas_Business Loan_canvas-container chartjs-render-monitor""))",Chrome 99.0.4844.51,,,2022-03-16 10:32:32,2022-03-16 10:32:33,1.118s,PASSED
Start listener action : sampleAfterTestCase,Chrome 99.0.4844.51,,,2022-03-16 10:32:33,2022-03-16 10:32:33,0.001s,PASSED
,,,,,,,
Test Cases/Dashboard/Top Up,Chrome 99.0.4844.51,,,2022-03-16 10:32:33,2022-03-16 10:34:22,1m - 48.885s,PASSED
"callTestCase(findTestCase(""Dashboard/Dashboard""), [:], CONTINUE_ON_FAILURE)",Chrome 99.0.4844.51,,,2022-03-16 10:32:34,2022-03-16 10:33:41,1m - 6.812s,PASSED
"click(findTestObject(""Dashboard/Page_IzifinDashboardClient/button_Top Up""))",Chrome 99.0.4844.51,,,2022-03-16 10:33:41,2022-03-16 10:33:41,0.573s,PASSED
"setText(findTestObject(""Dashboard Topup/Page_IzifinDashboardClient/input_Enter number of decisions needed_exampleInputEmail1""), ""1000"")",Chrome 99.0.4844.51,,,2022-03-16 10:33:41,2022-03-16 10:33:43,1.173s,PASSED
"getText(findTestObject(""Dashboard Topup/Page_IzifinDashboardClient/span_Cost""))",Chrome 99.0.4844.51,,,2022-03-16 10:33:43,2022-03-16 10:33:43,0.571s,PASSED
"click(findTestObject(""Dashboard Topup/Page_IzifinDashboardClient/button_Cancel""))",Chrome 99.0.4844.51,,,2022-03-16 10:33:43,2022-03-16 10:33:44,0.641s,PASSED
"click(findTestObject(""Page_IzifinDashboardClient/button_Top Up""))",Chrome 99.0.4844.51,,,2022-03-16 10:33:44,2022-03-16 10:33:45,0.873s,PASSED
"setText(findTestObject(""Dashboard Topup/Page_IzifinDashboardClient/input_Enter number of decisions needed_exampleInputEmail1""), ""100"")",Chrome 99.0.4844.51,,,2022-03-16 10:33:45,2022-03-16 10:33:46,1.149s,PASSED
"getText(findTestObject(""Dashboard Topup/Page_IzifinDashboardClient/span_Cost""))",Chrome 99.0.4844.51,,,2022-03-16 10:33:46,2022-03-16 10:33:46,0.482s,PASSED
"click(findTestObject(""Dashboard Topup/Page_IzifinDashboardClient/button_Continue to Payment""))",Chrome 99.0.4844.51,,,2022-03-16 10:33:46,2022-03-16 10:33:50,3.758s,PASSED
getWindowTitle(),Chrome 99.0.4844.51,,,2022-03-16 10:33:50,2022-03-16 10:33:50,0.039s,PASSED
"click(findTestObject(""Dashboard/Page_IzifinDashboardClient/span_Cancel""), OPTIONAL)",Chrome 99.0.4844.51,,,2022-03-16 10:33:50,2022-03-16 10:34:22,31.776s,PASSED
Start listener action : sampleAfterTestCase,Chrome 99.0.4844.51,,,2022-03-16 10:34:22,2022-03-16 10:34:22,0.001s,PASSED
,,,,,,,
Test Cases/Dashboard/View Total Decisions,Chrome 99.0.4844.51,,,2022-03-16 10:34:22,2022-03-16 10:35:33,1m - 11.152s,PASSED
"callTestCase(findTestCase(""Login Test Cases/Login""), [:], CONTINUE_ON_FAILURE)",Chrome 99.0.4844.51,,,2022-03-16 10:34:23,2022-03-16 10:35:11,47.691s,PASSED
"click(findTestObject(""Page_IzifinDashboardClient/a_View (1)""))",Chrome 99.0.4844.51,,,2022-03-16 10:35:11,2022-03-16 10:35:11,0.607s,PASSED
"verifyElementPresent(findTestObject(""View Total Decisions/Page_IzifinDashboardClient/th_ID""), 0)",Chrome 99.0.4844.51,,,2022-03-16 10:35:11,2022-03-16 10:35:13,1.968s,PASSED
"verifyElementPresent(findTestObject(""View Total Decisions/Page_IzifinDashboardClient/th_Product Name""), 0)",Chrome 99.0.4844.51,,,2022-03-16 10:35:13,2022-03-16 10:35:14,0.560s,PASSED
"verifyElementPresent(findTestObject(""View Total Decisions/Page_IzifinDashboardClient/th_Date  Time""), 0)",Chrome 99.0.4844.51,,,2022-03-16 10:35:14,2022-03-16 10:35:14,0.539s,PASSED
"verifyElementPresent(findTestObject(""View Total Decisions/Page_IzifinDashboardClient/th_Decision""), 0)",Chrome 99.0.4844.51,,,2022-03-16 10:35:14,2022-03-16 10:35:15,0.522s,PASSED
"verifyElementPresent(findTestObject(""View Total Decisions/Page_IzifinDashboardClient/th_Score""), 0)",Chrome 99.0.4844.51,,,2022-03-16 10:35:15,2022-03-16 10:35:15,0.526s,PASSED
"click(findTestObject(""Decisions/Page_IzifinDashboardClient/span_Download reports""), CONTINUE_ON_FAILURE)",Chrome 99.0.4844.51,,,2022-03-16 10:35:15,2022-03-16 10:35:16,0.634s,PASSED
"click(findTestObject(""Decisions/Page_IzifinDashboardClient/li_Accept""))",Chrome 99.0.4844.51,,,2022-03-16 10:35:16,2022-03-16 10:35:17,1.054s,PASSED
"click(findTestObject(""View Decisions/Page_IzifinDashboardClient/li_Decline""))",Chrome 99.0.4844.51,,,2022-03-16 10:35:17,2022-03-16 10:35:18,0.665s,PASSED
"click(findTestObject(""Decisions/Page_IzifinDashboardClient/li_All""))",Chrome 99.0.4844.51,,,2022-03-16 10:35:18,2022-03-16 10:35:18,0.648s,PASSED
"setText(findTestObject(""View Decisions/Page_IzifinDashboardClient/input_To_search-input flex-grow-1""), ""carbon"", CONTINUE_ON_FAILURE)",Chrome 99.0.4844.51,,,2022-03-16 10:35:18,2022-03-16 10:35:19,1.068s,PASSED
"click(findTestObject(""Dashboard/Page_IzifinDashboardClient/svg""), CONTINUE_ON_FAILURE)",Chrome 99.0.4844.51,,,2022-03-16 10:35:19,2022-03-16 10:35:20,0.615s,PASSED
"click(findTestObject(""Dshbrd View Decisions/Page_IzifinDashboardClient/svg_Items per page_mat-paginator-icon""), CONTINUE_ON_FAILURE)",Chrome 99.0.4844.51,,,2022-03-16 10:35:20,2022-03-16 10:35:21,1.026s,PASSED
"click(findTestObject(""Dashboard/Page_IzifinDashboardClient/path""), CONTINUE_ON_FAILURE)",Chrome 99.0.4844.51,,,2022-03-16 10:35:21,2022-03-16 10:35:22,0.814s,PASSED
"click(findTestObject(""Decisions/Page_IzifinDashboardClient/svg_Items per page_mat-paginator-icon""), CONTINUE_ON_FAILURE)",Chrome 99.0.4844.51,,,2022-03-16 10:35:22,2022-03-16 10:35:23,0.687s,PASSED
"click(findTestObject(""Decisions2/Page_IzifinDashboardClient/div_Items per page_mat-select-arrow-wrapper ng-tns-c122-45""))",Chrome 99.0.4844.51,,,2022-03-16 10:35:23,2022-03-16 10:35:23,0.545s,PASSED
"click(findTestObject(""Decisions2/Page_IzifinDashboardClient/span_20""), CONTINUE_ON_FAILURE)",Chrome 99.0.4844.51,,,2022-03-16 10:35:23,2022-03-16 10:35:24,0.709s,PASSED
"click(findTestObject(""Decisions/Page_IzifinDashboardClient/span_From""))",Chrome 99.0.4844.51,,,2022-03-16 10:35:24,2022-03-16 10:35:25,1.204s,PASSED
"click(findTestObject(""View T Dec1/Page_IzifinDashboardClient/span_MAR 2022""))",Chrome 99.0.4844.51,,,2022-03-16 10:35:25,2022-03-16 10:35:26,0.735s,PASSED
"click(findTestObject(""View DSC2/Page_IzifinDashboardClient/div_2021""))",Chrome 99.0.4844.51,,,2022-03-16 10:35:26,2022-03-16 10:35:27,0.984s,PASSED
"click(findTestObject(""View DSC2/Page_IzifinDashboardClient/div_DEC""))",Chrome 99.0.4844.51,,,2022-03-16 10:35:27,2022-03-16 10:35:28,0.734s,PASSED
"click(findTestObject(""View DSC2/Page_IzifinDashboardClient/div_31""))",Chrome 99.0.4844.51,,,2022-03-16 10:35:28,2022-03-16 10:35:28,0.714s,PASSED
"click(findTestObject(""View DSC2/Page_IzifinDashboardClient/span_To""))",Chrome 99.0.4844.51,,,2022-03-16 10:35:28,2022-03-16 10:35:29,0.753s,PASSED
"click(findTestObject(""View DSC2/Page_IzifinDashboardClient/span_MAR 2022""))",Chrome 99.0.4844.51,,,2022-03-16 10:35:29,2022-03-16 10:35:30,0.771s,PASSED
"click(findTestObject(""View DSC2/Page_IzifinDashboardClient/div_2022""))",Chrome 99.0.4844.51,,,2022-03-16 10:35:30,2022-03-16 10:35:31,0.946s,PASSED
"click(findTestObject(""View DSC2/Page_IzifinDashboardClient/div_FEB""))",Chrome 99.0.4844.51,,,2022-03-16 10:35:31,2022-03-16 10:35:32,0.811s,PASSED
"click(findTestObject(""View DSC2/Page_IzifinDashboardClient/div_28""))",Chrome 99.0.4844.51,,,2022-03-16 10:35:32,2022-03-16 10:35:32,0.714s,PASSED
"click(findTestObject(""Dashboard/Page_IzifinDashboardClient/a_Dashboard""), CONTINUE_ON_FAILURE)",Chrome 99.0.4844.51,,,2022-03-16 10:35:32,2022-03-16 10:35:33,0.856s,PASSED
Start listener action : sampleAfterTestCase,Chrome 99.0.4844.51,,,2022-03-16 10:35:33,2022-03-16 10:35:33,0.001s,PASSED
,,,,,,,
Test Cases/Dashboard/View Average Acceptance Rate,Chrome 99.0.4844.51,,,2022-03-16 10:35:33,2022-03-16 10:36:27,54.261s,PASSED
"callTestCase(findTestCase(""Login Test Cases/Login""), [:], CONTINUE_ON_FAILURE)",Chrome 99.0.4844.51,,,2022-03-16 10:35:34,2022-03-16 10:36:23,48.844s,PASSED
"click(findTestObject(""Dashboard/Page_IzifinDashboardClient/a_View""))",Chrome 99.0.4844.51,,,2022-03-16 10:36:23,2022-03-16 10:36:24,0.697s,PASSED
"verifyElementPresent(findTestObject(""View Acceptance/Page_IzifinDashboardClient/p_Total Products""), 0)",Chrome 99.0.4844.51,,,2022-03-16 10:36:24,2022-03-16 10:36:24,0.564s,PASSED
"verifyElementPresent(findTestObject(""Avg Accept Rate/Page_IzifinDashboardClient/p_AVG. Acceptance Rate""), 0)",Chrome 99.0.4844.51,,,2022-03-16 10:36:24,2022-03-16 10:36:25,0.506s,PASSED
"click(findTestObject(""View Acceptance/Page_IzifinDashboardClient/td_All Time""), STOP_ON_FAILURE)",Chrome 99.0.4844.51,,,2022-03-16 10:36:25,2022-03-16 10:36:26,0.650s,PASSED
"click(findTestObject(""Page_IzifinDashboardClient/li_Yesterday""))",Chrome 99.0.4844.51,,,2022-03-16 10:36:26,2022-03-16 10:36:26,0.629s,PASSED
"click(findTestObject(""Page_IzifinDashboardClient/a_Dashboard""))",Chrome 99.0.4844.51,,,2022-03-16 10:36:26,2022-03-16 10:36:27,1.223s,PASSED
Start listener action : sampleAfterTestCase,Chrome 99.0.4844.51,,,2022-03-16 10:36:27,2022-03-16 10:36:27,0.000s,PASSED
,,,,,,,
Test Cases/Dashboard/Decisions,Chrome 99.0.4844.51,,,2022-03-16 10:36:27,2022-03-16 10:37:41,1m - 13.159s,PASSED
"callTestCase(findTestCase(""Login Test Cases/Login""), [:], OPTIONAL)",Chrome 99.0.4844.51,,,2022-03-16 10:36:29,2022-03-16 10:37:18,49.119s,PASSED
"click(findTestObject(""Decisions/Page_IzifinDashboardClient/span_Decisions""))",Chrome 99.0.4844.51,,,2022-03-16 10:37:18,2022-03-16 10:37:18,0.707s,PASSED
"verifyElementPresent(findTestObject(""Decisions/Page_IzifinDashboardClient/th_ID""), 0)",Chrome 99.0.4844.51,,,2022-03-16 10:37:18,2022-03-16 10:37:20,1.699s,PASSED
"verifyElementPresent(findTestObject(""Decisions/Page_IzifinDashboardClient/th_Product Name""), 0)",Chrome 99.0.4844.51,,,2022-03-16 10:37:20,2022-03-16 10:37:21,0.502s,PASSED
"verifyElementPresent(findTestObject(""Decisions/Page_IzifinDashboardClient/th_Date  Time""), 0)",Chrome 99.0.4844.51,,,2022-03-16 10:37:21,2022-03-16 10:37:21,0.511s,PASSED
"verifyElementPresent(findTestObject(""Decisions/Page_IzifinDashboardClient/th_Decision""), 0)",Chrome 99.0.4844.51,,,2022-03-16 10:37:21,2022-03-16 10:37:22,0.555s,PASSED
"verifyElementPresent(findTestObject(""Decisions/Page_IzifinDashboardClient/th_Score""), 0)",Chrome 99.0.4844.51,,,2022-03-16 10:37:22,2022-03-16 10:37:22,0.521s,PASSED
"click(findTestObject(""Decisions/Page_IzifinDashboardClient/li_Accept""))",Chrome 99.0.4844.51,,,2022-03-16 10:37:22,2022-03-16 10:37:23,0.624s,PASSED
"click(findTestObject(""Decisions/Page_IzifinDashboardClient/li_Decline""))",Chrome 99.0.4844.51,,,2022-03-16 10:37:23,2022-03-16 10:37:23,0.680s,PASSED
"click(findTestObject(""Decisions/Page_IzifinDashboardClient/li_All""))",Chrome 99.0.4844.51,,,2022-03-16 10:37:23,2022-03-16 10:37:24,0.588s,PASSED
"click(findTestObject(""Decisions/Page_IzifinDashboardClient/span_Download reports""))",Chrome 99.0.4844.51,,,2022-03-16 10:37:24,2022-03-16 10:37:25,0.624s,PASSED
"click(findTestObject(""Decisions/Page_IzifinDashboardClient/span_From""))",Chrome 99.0.4844.51,,,2022-03-16 10:37:25,2022-03-16 10:37:26,1.122s,PASSED
"click(findTestObject(""Decisions/Page_IzifinDashboardClient/div_MAR 2022_mat-calendar-arrow""))",Chrome 99.0.4844.51,,,2022-03-16 10:37:26,2022-03-16 10:37:27,0.732s,PASSED
"click(findTestObject(""Decisions/Page_IzifinDashboardClient/div_2021""))",Chrome 99.0.4844.51,,,2022-03-16 10:37:27,2022-03-16 10:37:28,0.950s,PASSED
"click(findTestObject(""Decisions/Page_IzifinDashboardClient/div_DEC""))",Chrome 99.0.4844.51,,,2022-03-16 10:37:28,2022-03-16 10:37:28,0.784s,PASSED
"click(findTestObject(""Decisions/Page_IzifinDashboardClient/div_31""))",Chrome 99.0.4844.51,,,2022-03-16 10:37:28,2022-03-16 10:37:29,0.682s,PASSED
"click(findTestObject(""Decisions/Page_IzifinDashboardClient/span_To""))",Chrome 99.0.4844.51,,,2022-03-16 10:37:29,2022-03-16 10:37:30,0.782s,PASSED
"click(findTestObject(""Decisions/Page_IzifinDashboardClient/button__mat-focus-indicator mat-calendar-previous-button mat-icon-button mat-button-base""))",Chrome 99.0.4844.51,,,2022-03-16 10:37:30,2022-03-16 10:37:31,0.780s,PASSED
"click(findTestObject(""Decisions/Page_IzifinDashboardClient/div_28""))",Chrome 99.0.4844.51,,,2022-03-16 10:37:31,2022-03-16 10:37:31,0.935s,PASSED
"click(findTestObject(""Decisions2/Page_IzifinDashboardClient/svg_Items per page_mat-paginator-icon""))",Chrome 99.0.4844.51,,,2022-03-16 10:37:31,2022-03-16 10:37:32,0.726s,PASSED
"click(findTestObject(""Decisions2/Page_IzifinDashboardClient/div_Items per page_mat-select-arrow-wrapper ng-tns-c122-45""))",Chrome 99.0.4844.51,,,2022-03-16 10:37:32,2022-03-16 10:37:33,0.613s,PASSED
"click(findTestObject(""Decisions2/Page_IzifinDashboardClient/span_20""))",Chrome 99.0.4844.51,,,2022-03-16 10:37:33,2022-03-16 10:37:34,0.698s,PASSED
"setText(findTestObject(""Decisions/Page_IzifinDashboardClient/input_To_search-input flex-grow-1""), ""Sulfur"")",Chrome 99.0.4844.51,,,2022-03-16 10:37:34,2022-03-16 10:37:35,1.534s,PASSED
"verifyTextNotPresent(""oxygen"", false)",Chrome 99.0.4844.51,,,2022-03-16 10:37:35,2022-03-16 10:37:36,0.617s,PASSED
"click(findTestObject(""Decisions/Page_IzifinDashboardClient/div_All Products""))",Chrome 99.0.4844.51,,,2022-03-16 10:37:36,2022-03-16 10:37:36,0.604s,PASSED
"click(findTestObject(""Decisions/Page_IzifinDashboardClient/button_Personal Loan""))",Chrome 99.0.4844.51,,,2022-03-16 10:37:36,2022-03-16 10:37:37,0.959s,PASSED
"click(findTestObject(""Decisions/Page_IzifinDashboardClient/div_All Products""))",Chrome 99.0.4844.51,,,2022-03-16 10:37:37,2022-03-16 10:37:38,1.141s,PASSED
"click(findTestObject(""Decisions/Page_IzifinDashboardClient/button_Business Loan""))",Chrome 99.0.4844.51,,,2022-03-16 10:37:38,2022-03-16 10:37:39,0.962s,PASSED
"click(findTestObject(""Decisions/Page_IzifinDashboardClient/a_Dashboard""))",Chrome 99.0.4844.51,,,2022-03-16 10:37:39,2022-03-16 10:37:41,1.277s,PASSED
Start listener action : sampleAfterTestCase,Chrome 99.0.4844.51,,,2022-03-16 10:37:41,2022-03-16 10:37:41,0.000s,PASSED
,,,,,,,
Test Cases/Dashboard/Transactions,Chrome 99.0.4844.51,,,2022-03-16 10:37:41,2022-03-16 10:38:49,1m - 8.194s,PASSED
"callTestCase(findTestCase(""Login Test Cases/Login""), [:], OPTIONAL)",Chrome 99.0.4844.51,,,2022-03-16 10:37:42,2022-03-16 10:38:30,48.384s,PASSED
"click(findTestObject(""Page_IzifinDashboardClient/span_Transactions""))",Chrome 99.0.4844.51,,,2022-03-16 10:38:30,2022-03-16 10:38:31,0.685s,PASSED
getWindowTitle(),Chrome 99.0.4844.51,,,2022-03-16 10:38:31,2022-03-16 10:38:31,0.022s,PASSED
"verifyElementPresent(findTestObject(""Transactions/Page_IzifinDashboardClient/p_Total Debit Transactions""), 0)",Chrome 99.0.4844.51,,,2022-03-16 10:38:31,2022-03-16 10:38:31,0.563s,PASSED
"verifyElementPresent(findTestObject(""Transactions/Page_IzifinDashboardClient/p_Total Credit Transactions""), 0)",Chrome 99.0.4844.51,,,2022-03-16 10:38:31,2022-03-16 10:38:32,0.513s,PASSED
"verifyElementPresent(findTestObject(""Transactions/Page_IzifinDashboardClient/p_Total Transactions Made""), 0)",Chrome 99.0.4844.51,,,2022-03-16 10:38:32,2022-03-16 10:38:33,0.872s,PASSED
"click(findTestObject(""Transactions/Page_IzifinDashboardClient/li_Credit""))",Chrome 99.0.4844.51,,,2022-03-16 10:38:33,2022-03-16 10:38:33,0.620s,PASSED
"click(findTestObject(""Transactions/Page_IzifinDashboardClient/li_Debit""))",Chrome 99.0.4844.51,,,2022-03-16 10:38:33,2022-03-16 10:38:34,0.635s,PASSED
"click(findTestObject(""Transactions/Page_IzifinDashboardClient/li_All""))",Chrome 99.0.4844.51,,,2022-03-16 10:38:34,2022-03-16 10:38:35,0.597s,PASSED
"click(findTestObject(""Transactions/Page_IzifinDashboardClient/span_Download reports""))",Chrome 99.0.4844.51,,,2022-03-16 10:38:35,2022-03-16 10:38:35,0.629s,PASSED
"click(findTestObject(""Transactions/Page_IzifinDashboardClient/span_From""))",Chrome 99.0.4844.51,,,2022-03-16 10:38:35,2022-03-16 10:38:36,1.084s,PASSED
"click(findTestObject(""Transactions/Page_IzifinDashboardClient/button_MAR 2022""))",Chrome 99.0.4844.51,,,2022-03-16 10:38:36,2022-03-16 10:38:37,0.756s,PASSED
"click(findTestObject(""Transactions/Page_IzifinDashboardClient/div_2021""))",Chrome 99.0.4844.51,,,2022-03-16 10:38:37,2022-03-16 10:38:38,0.979s,PASSED
"click(findTestObject(""Transactions/Page_IzifinDashboardClient/div_DEC""))",Chrome 99.0.4844.51,,,2022-03-16 10:38:38,2022-03-16 10:38:39,0.702s,PASSED
"click(findTestObject(""Transactions/Page_IzifinDashboardClient/div_31""))",Chrome 99.0.4844.51,,,2022-03-16 10:38:39,2022-03-16 10:38:40,0.713s,PASSED
"click(findTestObject(""Transactions/Page_IzifinDashboardClient/span_To""))",Chrome 99.0.4844.51,,,2022-03-16 10:38:40,2022-03-16 10:38:40,0.788s,PASSED
"click(findTestObject(""Transactions/Page_IzifinDashboardClient/span_MAR 2022""))",Chrome 99.0.4844.51,,,2022-03-16 10:38:40,2022-03-16 10:38:41,0.781s,PASSED
"click(findTestObject(""Transactions/Page_IzifinDashboardClient/div_2022""))",Chrome 99.0.4844.51,,,2022-03-16 10:38:41,2022-03-16 10:38:42,0.996s,PASSED
"click(findTestObject(""Transactions/Page_IzifinDashboardClient/div_FEB""))",Chrome 99.0.4844.51,,,2022-03-16 10:38:42,2022-03-16 10:38:43,0.760s,PASSED
"click(findTestObject(""Transactions/Page_IzifinDashboardClient/div_28""))",Chrome 99.0.4844.51,,,2022-03-16 10:38:43,2022-03-16 10:38:44,0.674s,PASSED
"click(findTestObject(""Transactions/Page_IzifinDashboardClient/svg_Items per page_mat-paginator-icon""))",Chrome 99.0.4844.51,,,2022-03-16 10:38:44,2022-03-16 10:38:44,0.690s,PASSED
"click(findTestObject(""Transactions/Page_IzifinDashboardClient/div_Items per page_mat-select-arrow ng-tns-c122-45""))",Chrome 99.0.4844.51,,,2022-03-16 10:38:44,2022-03-16 10:38:45,0.575s,PASSED
"click(findTestObject(""Transactions/Page_IzifinDashboardClient/span_20""))",Chrome 99.0.4844.51,,,2022-03-16 10:38:45,2022-03-16 10:38:45,0.650s,PASSED
"setText(findTestObject(""Transactions/Page_IzifinDashboardClient/input_To_search-input""), ""Oxygen"")",Chrome 99.0.4844.51,,,2022-03-16 10:38:45,2022-03-16 10:38:47,1.583s,PASSED
"click(findTestObject(""Transactions/Page_IzifinDashboardClient/svg""))",Chrome 99.0.4844.51,,,2022-03-16 10:38:47,2022-03-16 10:38:48,0.611s,PASSED
"verifyTextNotPresent(""Nitrogen"", false, CONTINUE_ON_FAILURE)",Chrome 99.0.4844.51,,,2022-03-16 10:38:48,2022-03-16 10:38:48,0.484s,PASSED
"click(findTestObject(""Transactions/Page_IzifinDashboardClient/a_Dashboard""))",Chrome 99.0.4844.51,,,2022-03-16 10:38:48,2022-03-16 10:38:49,0.724s,PASSED
Start listener action : sampleAfterTestCase,Chrome 99.0.4844.51,,,2022-03-16 10:38:49,2022-03-16 10:38:49,0.001s,PASSED
,,,,,,,
Test Cases/Dashboard/Integrations,Chrome 99.0.4844.51,,,2022-03-16 10:38:49,2022-03-16 10:39:48,59.071s,PASSED
"callTestCase(findTestCase(""Login Test Cases/Login""), [:], OPTIONAL)",Chrome 99.0.4844.51,,,2022-03-16 10:38:50,2022-03-16 10:39:39,48.614s,PASSED
"click(findTestObject(""Page_IzifinDashboardClient/span_Integrations""))",Chrome 99.0.4844.51,,,2022-03-16 10:39:39,2022-03-16 10:39:40,0.660s,PASSED
getWindowTitle(),Chrome 99.0.4844.51,,,2022-03-16 10:39:40,2022-03-16 10:39:40,0.034s,PASSED
"click(findTestObject(""Integrations/Page_IzifinDashboardClient/span_Copy""))",Chrome 99.0.4844.51,,,2022-03-16 10:39:40,2022-03-16 10:39:42,2.447s,PASSED
"waitForAlert(5, STOP_ON_FAILURE)",Chrome 99.0.4844.51,,,2022-03-16 10:39:42,2022-03-16 10:39:47,5.195s,PASSED
"click(findTestObject(""Integrations/Page_IzifinDashboardClient/a_Dashboard""))",Chrome 99.0.4844.51,,,2022-03-16 10:39:47,2022-03-16 10:39:48,0.761s,PASSED
Start listener action : sampleAfterTestCase,Chrome 99.0.4844.51,,,2022-03-16 10:39:48,2022-03-16 10:39:48,0.001s,PASSED
